date,ticker_id,weekly_return
6/3/2011,0,0.2513051
6/10/2011,0,-2.9245853
6/17/2011,0,-1.4633119
6/24/2011,0,0.3732562
7/1/2011,0,5.8461547
7/8/2011,0,-0.47757626
7/15/2011,0,-2.6497006
7/22/2011,0,2.1217346
7/29/2011,0,-1.1332631
8/5/2011,0,-9.615791
8/12/2011,0,-3.0765653
8/19/2011,0,-3.8526773
8/26/2011,0,2.1169305
9/2/2011,0,2.5666356
9/9/2011,0,-3.729552
9/16/2011,0,1.2996793
9/23/2011,0,-11.472977
9/30/2011,0,-2.187848
10/7/2011,0,3.8324475
10/14/2011,0,8.644354
10/21/2011,0,-1.8565297
10/28/2011,0,9.123671
11/4/2011,0,-2.853781
11/11/2011,0,-0.9832442
11/18/2011,0,-5.504471
11/25/2011,0,-6.331092
12/2/2011,0,10.166216
12/9/2011,0,-1.0057867
12/16/2011,0,-4.6990037
12/23/2011,0,3.4967065
12/30/2011,0,-1.4161408
1/6/2012,0,0.7511854
1/13/2012,0,2.7861357
1/20/2012,0,5.3194165
1/27/2012,0,2.3682952
2/3/2012,0,3.588295
2/10/2012,0,-2.199179
2/17/2012,0,2.3651361
2/24/2012,0,0.5918503
3/2/2012,0,1.0183334
3/9/2012,0,-1.9041181
3/16/2012,0,0.68508387
3/23/2012,0,-2.6990235
3/30/2012,0,0.104892254
4/5/2012,0,-0.47734976
4/13/2012,0,-1.3570487
4/20/2012,0,0.3913641
4/27/2012,0,-0.03544092
5/4/2012,0,-2.2453368
5/11/2012,0,-3.3728242
5/18/2012,0,-6.6933575
5/25/2012,0,-0.37543178
6/1/2012,0,-1.2382329
6/8/2012,0,3.3796668
6/15/2012,0,2.7946234
6/22/2012,0,-1.8764913
6/29/2012,0,3.5591364
7/6/2012,0,-0.9326637
7/13/2012,0,-0.7351041
7/20/2012,0,0.2598405
7/27/2012,0,2.436185
8/3/2012,0,1.0246634
8/10/2012,0,2.0035028
8/17/2012,0,-0.63834786
8/24/2012,0,-1.0378122
8/31/2012,0,-1.9225955
9/7/2012,0,3.4623265
9/14/2012,0,4.256892
9/21/2012,0,-1.4042914
9/28/2012,0,-1.077199
10/5/2012,0,1.5123963
10/12/2012,0,-1.6209781
10/19/2012,0,0.5573034
10/26/2012,0,-0.6987989
11/2/2012,0,0.9463668
11/9/2012,0,-1.4423013
11/16/2012,0,-1.439023
11/23/2012,0,3.0190587
11/30/2012,0,0.37232637
12/7/2012,0,2.393198
12/14/2012,0,1.3906717
12/21/2012,0,0.33961535
12/28/2012,0,1.0383368
1/4/2013,0,2.9519439
1/11/2013,0,-1.1558115
1/18/2013,0,0.6858587
1/25/2013,0,-1.3735354
2/1/2013,0,0.78125
2/8/2013,0,-1.4717519
2/15/2013,0,0.31927824
2/22/2013,0,-1.6140103
3/1/2013,0,0.0693202
3/8/2013,0,1.8933296
3/15/2013,0,-3.0818045
3/22/2013,0,-1.8938541
3/28/2013,0,1.9304156
4/5/2013,0,-2.7121782
4/12/2013,0,0.6368637
4/19/2013,0,-0.5611956
4/26/2013,0,1.4409304
5/3/2013,0,3.0303001
5/10/2013,0,0.11488199
5/17/2013,0,-0.34427643
5/24/2013,0,-2.66006
5/31/2013,0,-2.5316477
6/7/2013,0,-1.2258768
6/14/2013,0,-3.3914924
6/21/2013,0,-4.8333826
6/28/2013,0,4.2304277
7/5/2013,0,-3.012985
7/12/2013,0,4.284942
7/19/2013,0,0.8603096
7/26/2013,0,1.4131188
8/2/2013,0,-0.30128956
8/9/2013,0,-0.8813858
8/16/2013,0,-0.15244484
8/23/2013,0,-1.6539395
8/30/2013,0,-1.6300142
9/6/2013,0,5.142021
9/13/2013,0,2.9518485
9/20/2013,0,2.2354603
9/27/2013,0,-1.9964337
10/4/2013,0,2.121985
10/11/2013,0,1.6979337
10/18/2013,0,1.1301756
10/25/2013,0,-1.3022661
11/1/2013,0,-0.63165426
11/8/2013,0,-3.0982912
11/15/2013,0,2.6385427
11/22/2013,0,-0.4615903
11/29/2013,0,0.71343184
12/6/2013,0,-0.9681225
12/13/2013,0,-2.3605108
12/20/2013,0,-0.2545178
12/27/2013,0,2.0256877
1/3/2014,0,-2.8571427
1/10/2014,0,0.37388802
1/17/2014,0,-1.1919558
1/24/2014,0,-3.8954496
1/31/2014,0,-0.13076067
2/7/2014,0,1.4139891
2/14/2014,0,2.4012446
2/21/2014,0,-0.57992935
2/28/2014,0,0.12680292
3/7/2014,0,0.101315975
3/14/2014,0,-2.8340042
3/21/2014,0,1.5104055
3/28/2014,0,4.515147
4/4/2014,0,1.3745666
4/11/2014,0,1.2832999
4/17/2014,0,0.43030977
4/25/2014,0,-2.832657
5/2/2014,0,1.935327
5/9/2014,0,0.024032593
5/16/2014,0,3.1715512
5/23/2014,0,0.46576262
5/30/2014,0,-1.3676405
6/6/2014,0,2.3736835
6/13/2014,0,0.114786625
6/20/2014,0,-0.114649534
6/27/2014,0,0.2998829
7/3/2014,0,1.8685102
7/11/2014,0,-0.6114125
7/18/2014,0,0.61517954
7/25/2014,0,1.4039874
8/1/2014,0,-1.6078532
8/8/2014,0,-0.79437494
8/15/2014,0,1.8302441
8/22/2014,0,0.53920746
8/29/2014,0,0.6927371
9/5/2014,0,1.753211
9/12/2014,0,-4.4929085
9/19/2014,0,-0.7535994
9/26/2014,0,-2.3930073
10/3/2014,0,-2.6874125
10/10/2014,0,-1.8653095
10/17/2014,0,0.5183935
10/24/2014,0,0.73673725
10/31/2014,0,2.7547598
11/7/2014,0,-2.206409
11/14/2014,0,0.5337119
11/21/2014,0,2.4131298
11/28/2014,0,-2.2148907
12/5/2014,0,-1.4939725
12/12/2014,0,-6.2133074
12/19/2014,0,2.6995897
12/26/2014,0,1.493299
1/2/2015,0,-1.6489029
1/9/2015,0,1.2896538
1/16/2015,0,0.56022406
1/23/2015,0,3.2159925
1/30/2015,0,-4.2688847
2/6/2015,0,2.050233
2/13/2015,0,2.1345973
2/20/2015,0,0
2/27/2015,0,0.1721263
3/6/2015,0,-3.6328018
3/13/2015,0,-2.4452329
3/20/2015,0,4.647529
3/27/2015,0,-1.5469134
4/2/2015,0,4.5109034
4/10/2015,0,3.9767146
4/17/2015,0,-0.41977763
4/24/2015,0,2.6815057
5/1/2015,0,-1.6079426
5/8/2015,0,-0.6258726
5/15/2015,0,0.6531477
5/22/2015,0,-0.9501755
5/29/2015,0,-3.7903666
6/5/2015,0,-2.456224
6/12/2015,0,0.32410622
6/19/2015,0,-0.44731498
6/26/2015,0,0.4274845
7/2/2015,0,-0.37565827
7/10/2015,0,-3.3685267
7/17/2015,0,0.8324623
7/24/2015,0,-4.38596
7/31/2015,0,0.16189814
8/7/2015,0,-2.2090495
8/14/2015,0,-2.121216
8/21/2015,0,-7.8243732
8/28/2015,0,3.145039
9/4/2015,0,-4.8549414
9/11/2015,0,4.107034
9/18/2015,0,1.1058092
9/25/2015,0,-4.2270184
10/2/2015,0,4.444444
10/9/2015,0,6.205666
10/16/2015,0,0.86255074
10/23/2015,0,0.11035204
10/30/2015,0,-3.9129317
11/6/2015,0,1.2331486
11/13/2015,0,-4.985833
11/20/2015,0,4.7107816
11/27/2015,0,-3.3599079
12/4/2015,0,-0.17677546
12/11/2015,0,-6.8772197
12/18/2015,0,3.486538
12/24/2015,0,2.605927
12/31/2015,0,-2.454549
1/8/2016,0,-8.325565
1/15/2016,0,-3.5750628
1/22/2016,0,3.0750275
1/29/2016,0,4.2277575
2/5/2016,0,-1.8318594
2/12/2016,0,-2.2992373
2/19/2016,0,3.1377912
2/26/2016,0,-0.5952418
3/4/2016,0,9.181643
3/11/2016,0,0.9750128
3/18/2016,0,2.6810527
3/24/2016,0,-1.9645274
4/1/2016,0,2.3681045
4/8/2016,0,-2.2547603
4/15/2016,0,3.5650015
4/22/2016,0,-0.0867784
4/29/2016,0,-0.4342854
5/6/2016,0,-4.536194
5/13/2016,0,-1.7057598
5/20/2016,0,-0.18593669
5/27/2016,0,2.7010322
6/3/2016,0,2.418375
6/10/2016,0,-1.0330617
6/17/2016,0,-0.77542067
6/24/2016,0,-1.0941386
7/1/2016,0,6.280637
7/8/2016,0,-0.5477071
7/15/2016,0,3.449273
7/22/2016,0,0.7845402
7/29/2016,0,0.6533265
8/5/2016,0,1.146245
8/12/2016,0,2.3484468
8/19/2016,0,0.3201723
8/26/2016,0,-2.2340417
9/2/2016,0,1.7682314
9/9/2016,0,-1.8711567
9/16/2016,0,-0.5448103
9/23/2016,0,3.0676603
9/30/2016,0,-0.47834516
10/7/2016,0,0.6408453
10/14/2016,0,-2.149105
10/21/2016,0,1.9522667
10/28/2016,0,-1.7819107
11/4/2016,0,-2.707827
11/11/2016,0,-3.840804
11/18/2016,0,0.11577606
11/25/2016,0,1.9080639
12/2/2016,0,-0.36879778
12/9/2016,0,2.9897451
12/16/2016,0,-2.820009
12/23/2016,0,-1.3479233
12/30/2016,0,2.129519
1/6/2017,0,2.6563883
1/13/2017,0,2.0589948
1/20/2017,0,-0.7088363
1/27/2017,0,2.883041
2/3/2017,0,0.74726343
2/10/2017,0,1.2450337
2/17/2017,0,0.4447937
2/24/2017,0,0.23443699
3/3/2017,0,-0.7536411
3/10/2017,0,-0.4713297
3/17/2017,0,3.893721
3/24/2017,0,0.81032515
3/31/2017,0,-1.0550141
4/7/2017,0,-0.050777197
4/13/2017,0,-0.58419704
4/21/2017,0,0.38324594
4/28/2017,0,1.9597888
5/5/2017,0,0.32451153
5/12/2017,0,2.5628328
5/19/2017,0,-0.1698196
5/26/2017,0,1.4337778
6/2/2017,0,0.047910213
6/9/2017,0,-0.3591895
6/16/2017,0,-0.9372711
6/23/2017,0,1.1443734
6/30/2017,0,-0.26506186
7/7/2017,0,-0.6281674
7/14/2017,0,5.5677056
7/21/2017,0,0.48365593
7/28/2017,0,0.27503967
8/4/2017,0,0.45714378
8/11/2017,0,-2.3435771
8/18/2017,0,1.7474413
8/25/2017,0,2.885282
9/1/2017,0,0.51190853
9/8/2017,0,-0.5978763
9/15/2017,0,1.5593648
9/22/2017,0,-0.4606247
9/29/2017,0,-1.2560606
10/6/2017,0,1.829946
10/13/2017,0,2.2572875
10/20/2017,0,-0.85726976
10/27/2017,0,-0.2593994
11/3/2017,0,0.43346882
11/10/2017,0,-0.10789633
11/17/2017,0,1.1449575
11/24/2017,0,1.9008994
12/1/2017,0,-3.919512
12/8/2017,0,0.21814108
12/15/2017,0,0.5006552
12/22/2017,0,2.2234082
12/29/2017,0,1.3333321
1/5/2018,0,4.2657137
1/12/2018,0,0.7734537
1/19/2018,0,1.8784046
1/26/2018,0,3.2513976
2/2/2018,0,-5.81798
2/9/2018,0,-5.361879
2/16/2018,0,6.7212462
2/23/2018,0,0.363338
3/2/2018,0,-3.1979084
3/9/2018,0,3.3658862
3/16/2018,0,-1.0854304
3/23/2018,0,-4.714489
3/29/2018,0,2.9643893
4/6/2018,0,-2.4854958
4/13/2018,0,1.0407805
4/20/2018,0,-0.65167546
4/27/2018,0,0
5/4/2018,0,-1.7562389
5/11/2018,0,2.0891666
5/18/2018,0,-2.8059125
5/25/2018,0,0.7814169
6/1/2018,0,-0.21537542
6/8/2018,0,0
6/15/2018,0,-2.3742735
6/22/2018,0,-2.2554338
6/29/2018,0,-1.3433456
7/6/2018,0,0.18461943
7/13/2018,0,1.0135889
7/20/2018,0,0.2508521
7/27/2018,0,1.6605973
8/3/2018,0,-1.0740638
8/10/2018,0,-2.3071706
8/17/2018,0,-2.2690415
8/24/2018,0,2.7481675
8/31/2018,0,-0.46114922
9/7/2018,0,-3.7526011
9/14/2018,0,0.9867668
9/21/2018,0,3.026688
9/28/2018,0,-0.7170975
10/5/2018,0,-4.846221
10/12/2018,0,-1.3467193
10/19/2018,0,-1.5388489
10/26/2018,0,-2.5207996
11/2/2018,0,5.5598736
11/9/2018,0,-2.4987757
11/16/2018,0,2.7638197
11/23/2018,0,-2.8361857
11/30/2018,0,3.3719182
12/7/2018,0,-2.9211283
12/14/2018,0,-0.12537241
12/21/2018,0,-1.8232822
12/28/2018,0,1.8691659
1/4/2019,0,1.1467814
1/11/2019,0,2.6203156
1/18/2019,0,2.0132542
1/25/2019,0,1.5643835
2/1/2019,0,1.327014
2/8/2019,0,-1.4031768
2/15/2019,0,-0.1660347
2/22/2019,0,2.257073
3/1/2019,0,-1.2778819
3/8/2019,0,-2.000475
3/15/2019,0,3.4582138
3/22/2019,0,-1.508826
3/29/2019,0,1.15484
4/5/2019,0,3.4482837
4/12/2019,0,-0.09009242
4/18/2019,0,0.45086145
4/26/2019,0,-1.5260339
5/3/2019,0,0.77483654
5/10/2019,0,-5.065584
5/17/2019,0,-4.0257215
5/24/2019,0,-0.84388256
5/31/2019,0,1.9023776
6/7/2019,0,1.1545062
6/14/2019,0,-0.19427538
6/21/2019,0,4.8210144
6/28/2019,0,0.32732487
7/5/2019,0,0.046610832
7/12/2019,0,-0.18635392
7/19/2019,0,0.023341179
7/26/2019,0,-0.37330985
8/2/2019,0,-5.0351324
8/9/2019,0,-1.6769409
8/16/2019,0,-0.827688
8/23/2019,0,-1.239258
8/30/2019,0,2.9193282
9/6/2019,0,2.6374698
9/13/2019,0,2.4000049
9/20/2019,0,-1.4914811
9/27/2019,0,-2.3311734
10/4/2019,0,0.8120179
10/11/2019,0,1.8550158
10/18/2019,0,0.5990863
10/25/2019,0,1.7150998
11/1/2019,0,1.2177944
11/8/2019,0,1.0643244
11/15/2019,0,-1.2591541
11/22/2019,0,-0.6028354
11/29/2019,0,-0.7697642
12/6/2019,0,1.2458801
12/13/2019,0,3.1344295
12/20/2019,0,2.5191903
12/27/2019,0,1.0311604
1/3/2020,0,-0.31062365
1/10/2020,0,1.4689565
1/17/2020,0,1.4038205
1/24/2020,0,-3.5258532
1/31/2020,0,-5.5829525
2/7/2020,0,2.9684186
2/14/2020,0,1.9372702
2/21/2020,0,-2.058822
2/28/2020,0,-6.3987074
3/6/2020,0,-0.9624839
3/13/2020,0,-9.942693
3/20/2020,0,-13.2263365
3/27/2020,0,6.3456535
4/3/2020,0,-0.6596625
4/9/2020,0,6.7008615
4/17/2020,0,2.574253
4/24/2020,0,-1.875335
5/1/2020,0,-0.73075294
5/8/2020,0,4.303515
5/15/2020,0,-2.198702
5/22/2020,0,1.1101961
5/29/2020,0,3.5684824
6/5/2020,0,8.454811
6/12/2020,0,-2.56598
6/19/2020,0,0.70301294
6/26/2020,0,0.050103664
7/2/2020,0,3.5553336
7/10/2020,0,4.545462
7/17/2020,0,-1.0869622
7/24/2020,0,0.8650899
7/31/2020,0,0.34770966
8/7/2020,0,1.3397932
8/14/2020,0,0.8434057
8/21/2020,0,0.090408325
8/28/2020,0,2.868116
9/4/2020,0,-2.656418
9/11/2020,0,-0.9246707
9/18/2020,0,1.3430476
9/25/2020,0,-3.5489738
10/2/2020,0,2.4452806
10/9/2020,0,4.182768
10/16/2020,0,-0.5891323
10/23/2020,0,1.6681314
10/30/2020,0,-3.475821
11/6/2020,0,7.2019696
11/13/2020,0,0.8345485
11/20/2020,0,1.5104532
11/27/2020,0,1.9975543
12/4/2020,0,1.6186953
12/11/2020,0,-0.25565028
12/18/2020,0,1.5553951
12/24/2020,0,-1.6866088
12/31/2020,0,3.0720115
1/8/2021,0,5.883491
1/15/2021,0,-0.6580174
1/22/2021,0,2.7230978
1/29/2021,0,-4.513705
2/5/2021,0,5.496156
2/12/2021,0,2.7738214
2/19/2021,0,-0.46712756
2/26/2021,0,-6.6052494
3/5/2021,0,0.18612146
3/12/2021,0,0.29723644
3/19/2021,0,0.16670227
3/26/2021,0,-1.4977813
4/1/2021,0,1.1075616
4/9/2021,0,-0.5755663
4/16/2021,0,1.4939308
4/23/2021,0,0.5151868
4/30/2021,0,-1.1898279
5/6/2011,1,-2.930981
5/13/2011,1,-1.6071379
5/20/2011,1,-0.21448731
5/27/2011,1,0.5290985
6/3/2011,1,0.21381378
6/10/2011,1,-2.9542089
6/17/2011,1,-0.7948637
6/24/2011,1,-0.714308
7/1/2011,1,6.4798594
7/8/2011,1,-1.5953898
7/15/2011,1,-2.7578175
7/22/2011,1,3.4376025
7/29/2011,1,-2.4426758
8/5/2011,1,-8.4568205
8/12/2011,1,-1.5722334
8/19/2011,1,-5.1606894
8/26/2011,1,3.029704
9/2/2011,1,0.07739067
9/9/2011,1,-5.7606816
9/16/2011,1,4.410255
9/23/2011,1,-7.288808
9/30/2011,1,1.250267
10/7/2011,1,2.5115132
10/14/2011,1,6.4107776
10/21/2011,1,-0.07674098
10/28/2011,1,6.0867906
11/4/2011,1,-6.2443438
11/11/2011,1,0
11/18/2011,1,-4.6332
11/25/2011,1,-5.9716644
12/2/2011,1,9.343386
12/9/2011,1,0.49222708
12/16/2011,1,-5.299771
12/23/2011,1,3.6086202
12/30/2011,1,0.04040003
1/6/2012,1,-0.76720715
1/13/2012,1,0.9155631
1/20/2012,1,4.697585
1/27/2012,1,1.0783792
2/3/2012,1,2.6957512
2/10/2012,1,-1.1779964
2/17/2012,1,2.3465395
2/24/2012,1,1.1555433
3/2/2012,1,-0.6890297
3/9/2012,1,-0.74858665
3/16/2012,1,2.1155238
3/23/2012,1,-1.3150752
3/30/2012,1,0.20080805
4/5/2012,1,-3.4068108
4/13/2012,1,-1.3202608
4/20/2012,1,2.1597862
4/27/2012,1,1.1412501
5/4/2012,1,-3.3111393
5/11/2012,1,-2.1235883
5/18/2012,1,-5.961686
5/25/2012,1,-0.0207901
6/1/2012,1,-3.2224536
6/8/2012,1,4.21052
6/15/2012,1,2.0408154
6/22/2012,1,0.17998219
6/29/2012,1,3.1378984
7/6/2012,1,-1.0408342
7/13/2012,1,-0.18203855
7/20/2012,1,-0.4153967
7/27/2012,1,2.4926186
8/3/2012,1,1.2308955
8/10/2012,1,1.7258286
8/17/2012,1,0.8289933
8/24/2012,1,-0.38241148
8/31/2012,1,-0.9596944
9/7/2012,1,3.2170534
9/14/2012,1,3.548634
9/21/2012,1,-1.0970116
9/28/2012,1,-2.83252
10/5/2012,1,2.150941
10/12/2012,1,-1.791656
10/19/2012,1,1.8243432
10/26/2012,1,-0.9604752
11/2/2012,1,0.12122393
11/9/2012,1,-1.6485095
11/16/2012,1,-1.3446927
11/23/2012,1,4.7034025
11/30/2012,1,0.97175837
12/7/2012,1,0.771749
12/14/2012,1,1.0469437
12/21/2012,1,1.8609047
12/28/2012,1,-0.88480115
1/4/2013,1,2.606678
1/11/2013,1,0.9918213
1/18/2013,1,0.18953085
1/25/2013,1,1.5133262
2/1/2013,1,0.71150064
2/8/2013,1,-1.5475214
2/15/2013,1,-0.17085075
2/22/2013,1,0.10268688
3/1/2013,1,-0.66678524
3/8/2013,1,2.1945
3/15/2013,1,0.835371
3/22/2013,1,-0.8534968
3/28/2013,1,-0.6401658
4/5/2013,1,-0.3560543
4/12/2013,1,2.7905345
4/19/2013,1,-2.1685183
4/26/2013,1,3.3504248
5/3/2013,1,2.4065137
5/10/2013,1,0.22381544
5/17/2013,1,0.574255
5/24/2013,1,-2.5376678
5/31/2013,1,-2.2457302
6/7/2013,1,0.38288832
6/14/2013,1,-0.82919
6/21/2013,1,-3.110367
6/28/2013,1,0.8828163
7/5/2013,1,0.94240904
7/12/2013,1,3.4059525
7/19/2013,1,1.4378786
7/26/2013,1,0.2142787
8/2/2013,1,1.4309168
8/9/2013,1,0.27565956
8/16/2013,1,-0.24093986
8/23/2013,1,-0.196141
8/30/2013,1,-3.8980067
9/6/2013,1,3.3124924
9/13/2013,1,2.780962
9/20/2013,1,2.2839427
9/27/2013,1,-0.007778406
10/4/2013,1,-0.6380379
10/11/2013,1,0.9240508
10/18/2013,1,2.5449991
10/25/2013,1,0.5674958
11/1/2013,1,-1.3467848
11/8/2013,1,-0.51860213
11/15/2013,1,1.4704108
11/22/2013,1,-0.043821335
11/29/2013,1,0.13605356
12/6/2013,1,-1.3134003
12/13/2013,1,-1.9886851
12/20/2013,1,2.4219036
12/27/2013,1,2.3052096
1/3/2014,1,-0.88627934
1/10/2014,1,1.2579441
1/17/2014,1,0
1/24/2014,1,-2.933693
1/31/2014,1,-1.9120991
2/7/2014,1,2.3738384
2/14/2014,1,2.1038055
2/21/2014,1,0.72191954
2/28/2014,1,0.80633163
3/7/2014,1,0.2221942
3/14/2014,1,-3.7540674
3/21/2014,1,0.061428547
3/28/2014,1,2.608955
4/4/2014,1,0.74783564
4/11/2014,1,-1.6330123
4/17/2014,1,1.9166827
4/25/2014,1,-0.19250512
5/2/2014,1,1.4836788
5/9/2014,1,-0.26316047
5/16/2014,1,0.39577484
5/23/2014,1,0.3358245
5/30/2014,1,1.004076
6/6/2014,1,1.1669755
6/13/2014,1,-0.712049
6/20/2014,1,1.1904836
6/27/2014,1,-0.7991612
7/3/2014,1,1.3321638
7/11/2014,1,-2.5281727
7/18/2014,1,0.60766935
7/25/2014,1,0.10312796
8/1/2014,1,-2.678442
8/8/2014,1,-1.2853444
8/15/2014,1,1.3020754
8/22/2014,1,0.51414967
8/29/2014,1,0.3610611
9/5/2014,1,0.43472052
9/12/2014,1,-1.462692
9/19/2014,1,-0.0757277
9/26/2014,1,-1.8190145
10/3/2014,1,-3.2267988
10/10/2014,1,-3.6694288
10/17/2014,1,0.4306078
10/24/2014,1,2.6220322
10/31/2014,1,2.763939
11/7/2014,1,-1.7200947
11/14/2014,1,0.81145763
11/21/2014,1,0.6628752
11/28/2014,1,0.32925606
12/5/2014,1,-0.046885014
12/12/2014,1,-4.659164
12/19/2014,1,2.1403432
12/26/2014,1,0.87519884
1/2/2015,1,-2.6670933
1/9/2015,1,-1.5516698
1/16/2015,1,1.9282341
1/23/2015,1,0.9376526
1/30/2015,1,-0.22816062
2/6/2015,1,2.0908237
2/13/2015,1,2.1119952
2/20/2015,1,1.8959522
2/27/2015,1,0.10764599
3/6/2015,1,-1.9815624
3/13/2015,1,-1.1283517
3/20/2015,1,4.0735483
3/27/2015,1,-0.7919669
4/2/2015,1,0.07675886
4/10/2015,1,1.641357
4/17/2015,1,-0.43767095
4/24/2015,1,2.167654
5/1/2015,1,-0.22255182
5/8/2015,1,0.60967207
5/15/2015,1,1.1232495
5/22/2015,1,-0.6430805
5/29/2015,1,-1.9711733
6/5/2015,1,-1.515609
6/12/2015,1,0.8684993
6/19/2015,1,-0.21147728
6/26/2015,1,1.1978388
7/2/2015,1,-2.6772082
7/10/2015,1,0.5001664
7/17/2015,1,1.5707493
7/24/2015,1,-2.1742404
7/31/2015,1,1.3930202
8/7/2015,1,-0.26242137
8/14/2015,1,-0.94412565
8/21/2015,1,-6.375003
8/28/2015,1,0.8344412
9/4/2015,1,-4.6507716
9/11/2015,1,3.1765342
9/18/2015,1,-1.0430694
9/25/2015,1,-2.3121417
10/2/2015,1,1.7751455
10/9/2015,1,4.3946624
10/16/2015,1,0.3439784
10/23/2015,1,1.3059139
10/30/2015,1,-1.5307784
11/6/2015,1,-0.27819276
11/13/2015,1,-2.7075768
11/20/2015,1,2.7491927
11/27/2015,1,-0.36112666
12/4/2015,1,0.23064613
12/11/2015,1,-4.388565
12/18/2015,1,0.30944347
12/24/2015,1,2.7221322
12/31/2015,1,-1.1946797
1/8/2016,1,-6.4543605
1/15/2016,1,-3.0402362
1/22/2016,1,2.2906542
1/29/2016,1,1.835537
2/5/2016,1,-3.0100882
2/12/2016,1,-2.8433442
2/19/2016,1,3.1369567
2/26/2016,1,0.055646896
3/4/2016,1,4.467094
3/11/2016,1,1.7033339
3/18/2016,1,0.3140211
3/24/2016,1,-2.000004
4/1/2016,1,0.35492182
4/8/2016,1,-0.15915036
4/15/2016,1,3.2589436
4/22/2016,1,2.1269321
4/29/2016,1,-1.8642962
5/6/2016,1,-1.7970204
5/13/2016,1,-0.7145345
5/20/2016,1,0.5968094
5/27/2016,1,2.3556113
6/3/2016,1,0.08523464
6/10/2016,1,-2.6571214
6/17/2016,1,-1.2073517
6/24/2016,1,-2.8784573
7/1/2016,1,4.02534
7/8/2016,1,-1.0211408
7/15/2016,1,3.0950189
7/22/2016,1,0.14045238
7/29/2016,1,1.7443895
8/5/2016,1,-0.47385693
8/12/2016,1,1.8178701
8/19/2016,1,-0.03401041
8/26/2016,1,-0.71440935
9/2/2016,1,1.8159986
9/9/2016,1,-1.5143871
9/16/2016,1,-1.7768621
9/23/2016,1,3.0787945
9/30/2016,1,-0.21936893
10/7/2016,1,-0.9301543
10/14/2016,1,-1.5534401
10/21/2016,1,0.90168715
10/28/2016,1,-0.6873965
11/4/2016,1,-2.1110952
11/11/2016,1,0.8485079
11/18/2016,1,-1.4899194
11/25/2016,1,1.0498166
12/2/2016,1,-0.14087558
12/9/2016,1,3.5443544
12/16/2016,1,-1.0047674
12/23/2016,1,0.25146008
12/30/2016,1,0.086688995
1/6/2017,1,2.2865057
1/13/2017,1,0.9144783
1/20/2017,1,-0.3356278
1/27/2017,1,0.97659826
2/3/2017,1,0.28346777
2/10/2017,1,0
2/17/2017,1,0.59860945
2/24/2017,1,-0.18181801
3/3/2017,1,0.8941889
3/10/2017,1,0.19694567
3/17/2017,1,1.9328475
3/24/2017,1,-0.14462471
3/31/2017,1,0.24139881
4/7/2017,1,-0.7545352
4/13/2017,1,-0.37204623
4/21/2017,1,0.6169796
4/28/2017,1,2.9530406
5/5/2017,1,2.8056383
5/12/2017,1,-0.53361654
5/19/2017,1,1.3335466
5/26/2017,1,-0.09075403
6/2/2017,1,1.7713785
6/9/2017,1,-1.3537705
6/16/2017,1,0.12065172
6/23/2017,1,-0.28358102
6/30/2017,1,0.0921011
7/7/2017,1,-0.5521476
7/14/2017,1,2.282548
7/21/2017,1,0.34680367
7/28/2017,1,0.36063194
8/4/2017,1,1.0031462
8/11/2017,1,-2.238369
8/18/2017,1,0.36392212
8/25/2017,1,0.84604025
9/1/2017,1,0.35954714
9/8/2017,1,0.7762432
9/15/2017,1,0.8146882
9/22/2017,1,0.48487186
9/29/2017,1,0.13160706
10/6/2017,1,-0.07301569
10/13/2017,1,1.6659379
10/20/2017,1,-0.33060908
10/27/2017,1,-0.2307415
11/3/2017,1,0.89621544
11/10/2017,1,-0.7449925
11/17/2017,1,-0.5340576
11/24/2017,1,2.0751595
12/1/2017,1,-0.7250428
12/8/2017,1,0.014317036
12/15/2017,1,0.1861453
12/22/2017,1,1.2613416
12/29/2017,1,0.2852559
1/5/2018,1,2.901435
1/12/2018,1,1.5895009
1/19/2018,1,0.85713863
1/26/2018,1,1.5108585
2/2/2018,1,-3.5880387
2/9/2018,1,-5.458313
2/16/2018,1,4.1259646
2/23/2018,1,-0.11201501
3/2/2018,1,-2.6913345
3/9/2018,1,1.9590855
3/16/2018,1,-0.43797493
3/23/2018,1,-3.5901785
3/29/2018,1,2.5610805
4/6/2018,1,-0.40183663
4/13/2018,1,2.002883
4/20/2018,1,0.36728382
4/27/2018,1,-0.112599134
5/4/2018,1,-0.056362152
5/11/2018,1,1.1842608
5/18/2018,1,-0.6130636
5/25/2018,1,-1.5561461
6/1/2018,1,-0.3132999
6/8/2018,1,0.5857229
6/15/2018,1,-0.5823076
6/22/2018,1,-1.2092113
6/29/2018,1,-1.22419
7/6/2018,1,0.91085434
7/13/2018,1,0.31074286
7/20/2018,1,0.41303635
7/27/2018,1,1.0724306
8/3/2018,1,-0.9883702
8/10/2018,1,-2.0258427
8/17/2018,1,-0.5394101
8/24/2018,1,1.4160872
8/31/2018,1,0.029706955
9/7/2018,1,-2.8363466
9/14/2018,1,2.0327091
9/21/2018,1,2.8010726
9/28/2018,1,-0.9325385
10/5/2018,1,-2.32386
10/12/2018,1,-3.854847
10/19/2018,1,-0.1722753
10/26/2018,1,-3.6240995
11/2/2018,1,3.1255007
11/9/2018,1,0.09471178
11/16/2018,1,-0.7096708
11/23/2018,1,-1.8742085
11/30/2018,1,1.602459
12/7/2018,1,-3.2180965
12/14/2018,1,-0.47736764
12/21/2018,1,-3.74133
12/28/2018,1,1.9631624
1/4/2019,1,2.078724
1/11/2019,1,1.8694639
1/18/2019,1,1.7204762
1/25/2019,1,0.14497042
2/1/2019,1,0.78816414
2/8/2019,1,-1.0213852
2/15/2019,1,2.5798082
2/22/2019,1,0.785923
3/1/2019,1,0.7797837
3/8/2019,1,-1.7796397
3/15/2019,1,2.7572036
3/22/2019,1,-1.3952851
3/29/2019,1,0.8552432
4/5/2019,1,2.143073
4/12/2019,1,0.2867937
4/18/2019,1,0.34617186
4/26/2019,1,-0.32998323
5/3/2019,1,0.8126378
5/10/2019,1,-2.4779737
5/17/2019,1,-0.8571923
5/24/2019,1,0.015437603
5/31/2019,1,-2.130282
6/7/2019,1,3.40693
6/14/2019,1,-0.6101191
6/21/2019,1,2.434194
6/28/2019,1,0.55071115
7/5/2019,1,0.6693959
7/12/2019,1,-0.55915713
7/19/2019,1,-0.44072866
7/26/2019,1,-0.01527071
8/2/2019,1,-2.74809
8/9/2019,1,-1.1930943
8/16/2019,1,-1.0962784
8/23/2019,1,-0.46586394
8/30/2019,1,2.0174265
9/6/2019,1,2.0882726
9/13/2019,1,2.1850348
9/20/2019,1,-0.5762875
9/27/2019,1,-0.89993477
10/4/2019,1,-1.2313426
10/11/2019,1,2.1505475
10/18/2019,1,1.0983825
10/25/2019,1,1.1317372
11/1/2019,1,1.492095
11/8/2019,1,0.5292535
11/15/2019,1,-0.087744
11/22/2019,1,-0.4976511
11/29/2019,1,0.2941966
12/6/2019,1,0.7480264
12/13/2019,1,1.4121413
12/20/2019,1,0.4246354
12/27/2019,1,0.6649256
1/3/2020,1,-0.53130984
1/10/2020,1,0.2598524
1/17/2020,1,1.3390899
1/24/2020,1,-1.2645602
1/31/2020,1,-2.8924942
2/7/2020,1,2.1932364
2/14/2020,1,0.3480196
2/21/2020,1,-1.358372
2/28/2020,1,-8.819222
3/6/2020,1,-0.787276
3/13/2020,1,-14.31579
3/20/2020,1,-11.075413
3/27/2020,1,12.348568
4/3/2020,1,-3.7079036
4/9/2020,1,9.174848
4/17/2020,1,0.3059268
4/24/2020,1,-0.95084906
5/1/2020,1,0.23546219
5/8/2020,1,2.7105212
5/15/2020,1,-2.9556632
5/22/2020,1,3.2451034
5/29/2020,1,4.7234416
6/5/2020,1,7.0087194
6/12/2020,1,-3.948605
6/19/2020,1,0.97510815
6/26/2020,1,-0.9010494
7/2/2020,1,2.1160483
7/10/2020,1,0.90658665
7/17/2020,1,1.8931389
7/24/2020,1,-0.393641
7/31/2020,1,-1.9127369
8/7/2020,1,2.5463343
8/14/2020,1,1.8387556
8/21/2020,1,-0.58642626
8/28/2020,1,1.6454577
9/4/2020,1,-1.4661074
9/11/2020,1,0.43398142
9/18/2020,1,0.50925016
9/25/2020,1,-3.1475425
10/2/2020,1,1.2840748
10/9/2020,1,2.8016925
10/16/2020,1,-1.431185
10/23/2020,1,0.37071705
10/30/2020,1,-5.524784
11/6/2020,1,7.8514457
11/13/2020,1,4.772699
11/20/2020,1,1.4127135
11/27/2020,1,1.9331932
12/4/2020,1,1.1574388
12/11/2020,1,-0.4962802
12/18/2020,1,1.6410351
12/24/2020,1,-0.42658448
12/31/2020,1,0.82918406
1/8/2021,1,3.7966013
1/15/2021,1,-1.7562389
1/22/2021,1,1.0080695
1/29/2021,1,-3.6726594
2/5/2021,1,3.2048583
2/12/2021,1,2.1416068
2/19/2021,1,-0.07862449
2/26/2021,1,-2.9377043
3/5/2021,1,0.83771944
3/12/2021,1,2.210915
3/19/2021,1,0.19664764
3/26/2021,1,0.22242069
4/1/2021,1,0.3394246
4/9/2021,1,1.4701962
4/16/2021,1,1.6668797
4/23/2021,1,-0.27746558
4/30/2021,1,-1.2141109
5/6/2011,2,-3.0732572
5/13/2011,2,0.7926822
5/20/2011,2,-0.894922
5/27/2011,2,0.8893132
6/3/2011,2,-3.281796
6/10/2011,2,-3.1968594
6/17/2011,2,0.7242203
6/24/2011,2,1.6684294
7/1/2011,2,5.569732
7/8/2011,2,1.3827324
7/15/2011,2,-2.648306
7/22/2011,2,1.482594
7/29/2011,2,-4.838496
8/5/2011,2,-9.478879
8/12/2011,2,-2.1160662
8/19/2011,2,-6.4059734
8/26/2011,2,5.8763623
9/2/2011,2,-0.7860124
9/9/2011,2,-1.3096154
9/16/2011,2,5.389905
9/23/2011,2,-8.114409
9/30/2011,2,-0.64921975
10/7/2011,2,2.4256945
10/14/2011,2,7.888603
10/21/2011,2,0.09274483
10/28/2011,2,6.8725824
11/4/2011,2,-1.8930614
11/11/2011,2,0.014734268
11/18/2011,2,-2.7540565
11/25/2011,2,-7.1937027
12/2/2011,2,9.986949
12/9/2011,2,1.4391661
12/16/2011,2,-2.3840964
12/23/2011,2,3.900981
12/30/2011,2,-1.1577368
1/6/2012,2,1.2884259
1/13/2012,2,1.8791556
1/20/2012,2,2.5397182
1/27/2012,2,1.3975382
2/3/2012,2,4.2985797
2/10/2012,2,-2.250427
2/17/2012,2,1.914072
2/24/2012,2,-0.40714145
3/2/2012,2,-2.8352916
3/9/2012,2,1.5336514
3/16/2012,2,1.8580437
3/23/2012,2,-0.013118982
3/30/2012,2,0.45181513
4/5/2012,2,-1.2973368
4/13/2012,2,-2.283591
4/20/2012,2,0.7744551
4/27/2012,2,2.5616884
5/4/2012,2,-3.4836352
5/11/2012,2,-0.17706156
5/18/2012,2,-4.7891974
5/25/2012,2,1.8916607
6/1/2012,2,-3.5583675
6/8/2012,2,3.8063288
6/15/2012,2,-0.26693344
6/22/2012,2,0.32525063
6/29/2012,2,3.2699108
7/6/2012,2,0.90078115
7/13/2012,2,-0.45989752
7/20/2012,2,-0.62508583
7/27/2012,2,0.546968
8/3/2012,2,-0.5031884
8/10/2012,2,1.6812444
8/17/2012,2,2.0029545
8/24/2012,2,-1.0411203
8/31/2012,2,0.58596134
9/7/2012,2,3.5482645
9/14/2012,2,2.4677157
9/21/2012,2,-1.5348077
9/28/2012,2,-2.0747423
10/5/2012,2,0.55793524
10/12/2012,2,-2.593553
10/19/2012,2,0.10597706
10/26/2012,2,-0.8998275
11/2/2012,2,0.6142378
11/9/2012,2,-2.0039856
11/16/2012,2,-2.3293495
11/23/2012,2,3.840816
11/30/2012,2,1.8827677
12/7/2012,2,-0.052428246
12/14/2012,2,0.039339066
12/21/2012,2,3.0997157
12/28/2012,2,-1.8191099
1/4/2013,2,5.414927
1/11/2013,2,-0.123775005
1/18/2013,2,1.6606688
1/25/2013,2,1.6823173
2/1/2013,2,0.19181967
2/8/2013,2,0.6341934
2/15/2013,2,0.82045794
2/22/2013,2,-0.70762634
3/1/2013,2,-0.023758411
3/8/2013,2,2.6969314
3/15/2013,2,1.1800051
3/22/2013,2,-0.640291
3/28/2013,2,0.4464507
4/5/2013,2,-2.435094
4/12/2013,2,1.7188549
4/19/2013,2,-2.9976904
4/26/2013,2,2.4579525
5/3/2013,2,2.3174524
5/10/2013,2,2.5039792
5/17/2013,2,2.2096395
5/24/2013,2,-1.2927771
5/31/2013,2,-0.19810796
6/7/2013,2,0.4741907
6/14/2013,2,-0.4500091
6/21/2013,2,-1.3891876
6/28/2013,2,1.2721181
7/5/2013,2,3.299749
7/12/2013,2,2.7548552
7/19/2013,2,1.1892319
7/26/2013,2,-0.2371192
8/2/2013,2,1.1470556
8/9/2013,2,-0.7253766
8/16/2013,2,-1.8832982
8/23/2013,2,1.5313745
8/30/2013,2,-2.6342988
9/6/2013,2,1.4217496
9/13/2013,2,2.5107265
9/20/2013,2,1.5715957
9/27/2013,2,0.25805235
10/4/2013,2,0.38175583
10/11/2013,2,1.1809468
10/18/2013,2,2.8288841
10/25/2013,2,0.6252408
11/1/2013,2,-1.5964031
11/8/2013,2,1.0005832
11/15/2013,2,1.3465405
11/22/2013,2,1.100874
11/29/2013,2,1.3798952
12/6/2013,2,-1.046294
12/13/2013,2,-1.9275784
12/20/2013,2,3.139019
12/27/2013,2,1.2767673
1/3/2014,2,-0.76055527
1/10/2014,2,0.036931038
1/17/2014,2,0
1/24/2014,2,-1.8829525
1/31/2014,2,-1.1382937
2/7/2014,2,-1.3512194
2/14/2014,2,2.7105331
2/21/2014,2,1.1081934
2/28/2014,2,1.9134283
3/7/2014,2,2.1873832
3/14/2014,2,-1.730293
3/21/2014,2,1.2071133
3/28/2014,2,-2.679497
4/4/2014,2,0.7115841
4/11/2014,2,-3.165722
4/17/2014,2,2.2458076
4/25/2014,2,-1.1028767
5/2/2014,2,0.38422346
5/9/2014,2,-1.4376402
5/16/2014,2,-0.56828856
5/23/2014,2,1.7812848
5/30/2014,2,0.4211545
6/6/2014,2,2.85182
6/13/2014,2,-0.5346179
6/20/2014,2,1.8128872
6/27/2014,2,0.22250414
7/3/2014,2,1.7279983
7/11/2014,2,-3.6613286
7/18/2014,2,-0.46592355
7/25/2014,2,-0.55071115
8/1/2014,2,-2.5103867
8/8/2014,2,1.4011145
8/15/2014,2,0.8589268
8/22/2014,2,1.5736461
8/29/2014,2,0.5741358
9/5/2014,2,0.16310215
9/12/2014,2,-1.0493994
9/19/2014,2,-1.069665
9/26/2014,2,-2.1601737
10/3/2014,2,-1.0231078
10/10/2014,2,-3.9529145
10/17/2014,2,2.242148
10/24/2014,2,3.3528328
10/31/2014,2,5.1584363
11/7/2014,2,0.07174015
11/14/2014,2,0.089621544
11/21/2014,2,-0.3491819
11/28/2014,2,0
12/5/2014,2,0.88050365
12/12/2014,2,-2.7075171
12/19/2014,2,3.1581879
12/26/2014,2,2.2072196
1/2/2015,2,-1.3075292
1/9/2015,2,-1.4220119
1/16/2015,2,-0.39423108
1/23/2015,2,0.9804845
1/30/2015,2,-2.0399094
2/6/2015,2,4.0465593
2/13/2015,2,1.2671828
2/20/2015,2,0.40570498
2/27/2015,2,0.20629168
3/6/2015,2,-1.6984046
3/13/2015,2,1.4921427
3/20/2015,2,2.742672
3/27/2015,2,-1.6816974
4/2/2015,2,0.9908676
4/10/2015,2,0.28756857
4/17/2015,2,-1.155436
4/24/2015,2,1.4590502
5/1/2015,2,-2.4472296
5/8/2015,2,0.46551228
5/15/2015,2,0.73794127
5/22/2015,2,0.43441057
5/29/2015,2,-0.78026056
6/5/2015,2,1.410377
6/12/2015,2,0.5815983
6/19/2015,2,1.3994813
6/26/2015,2,-0.14191866
7/2/2015,2,-2.3159325
7/10/2015,2,0.2294302
7/17/2015,2,0.610435
7/24/2015,2,-3.025192
7/31/2015,2,1.5815139
8/7/2015,2,-1.4970064
8/14/2015,2,0.80764294
8/21/2015,2,-4.1867676
8/28/2015,2,-0.27872324
9/4/2015,2,-2.1098197
9/11/2015,2,1.5565991
9/18/2015,2,0.1632452
9/25/2015,2,-1.2967348
10/2/2015,2,-1.1873007
10/9/2015,2,5.169523
10/16/2015,2,-0.34541488
10/23/2015,2,0.7732034
10/30/2015,2,-0.29984713
11/6/2015,2,2.919054
11/13/2015,2,-4.5036497
11/20/2015,2,2.8890252
11/27/2015,2,1.9856572
12/4/2015,2,-1.1579037
12/11/2015,2,-4.868102
12/18/2015,2,-0.5928993
12/24/2015,2,3.2286406
12/31/2015,2,-1.6874969
1/8/2016,2,-7.2109756
1/15/2016,2,-2.3000896
1/22/2016,2,1.0017991
1/29/2016,2,2.4895906
2/5/2016,2,-3.8033485
2/12/2016,2,-1.2072504
2/19/2016,2,3.6863565
2/26/2016,2,2.9169083
3/4/2016,2,4.13208
3/11/2016,2,0.7881284
3/18/2016,2,1.5184522
3/24/2016,2,-1.8455625
4/1/2016,2,3.3800483
4/8/2016,2,-2.2417128
4/15/2016,2,2.9910207
4/22/2016,2,1.3552785
4/29/2016,2,-1.0853529
5/6/2016,2,-0.9304762
5/13/2016,2,-1.550591
5/20/2016,2,0.684011
5/27/2016,2,3.2716513
6/3/2016,2,0.89154243
6/10/2016,2,0.53191185
6/17/2016,2,-1.6129017
6/24/2016,2,-1.2774765
7/1/2016,2,2.5735974
7/8/2016,2,1.8473983
7/15/2016,2,2.5816202
7/22/2016,2,0.15625954
7/29/2016,2,0.18886328
8/5/2016,2,0.49176216
8/12/2016,2,-0.30992627
8/19/2016,2,0.61359406
8/26/2016,2,0.43096542
9/2/2016,2,1.4249802
9/9/2016,2,-2.9137015
9/16/2016,2,0.09044409
9/23/2016,2,2.5794744
9/30/2016,2,-0.29373765
10/7/2016,2,-1.0149002
10/14/2016,2,-1.635611
10/21/2016,2,-0.35572648
10/28/2016,2,-2.0340383
11/4/2016,2,-1.5847504
11/11/2016,2,10.574365
11/18/2016,2,2.8268695
11/25/2016,2,2.7491689
12/2/2016,2,-1.8648207
12/9/2016,2,5.8960557
12/16/2016,2,-1.8015504
12/23/2016,2,0.4630208
12/30/2016,2,-0.743413
1/6/2017,2,0.20360947
1/13/2017,2,0.007247925
1/20/2017,2,-1.3714552
1/27/2017,2,1.2801647
2/3/2017,2,0.30509233
2/10/2017,2,0.97044706
2/17/2017,2,0.70290565
2/24/2017,2,-0.22791624
3/3/2017,2,-0.385499
3/10/2017,2,-2.106911
3/17/2017,2,2.1815538
3/24/2017,2,-2.7311146
3/31/2017,2,2.216971
4/7/2017,2,-1.9086301
4/13/2017,2,-1.3856053
4/21/2017,2,2.929747
4/28/2017,2,1.3505697
5/5/2017,2,-0.1432836
5/12/2017,2,-1.2196958
5/19/2017,2,-1.2928545
5/26/2017,2,1.2067676
6/2/2017,2,1.7449498
6/9/2017,2,1.5292287
6/16/2017,2,-1.3654292
6/23/2017,2,0
6/30/2017,2,0.3512025
7/7/2017,2,0
7/14/2017,2,0.8843303
7/21/2017,2,0.73518753
7/28/2017,2,-0.35087466
8/4/2017,2,-1.2112677
8/11/2017,2,-2.7659
8/18/2017,2,-1.5102625
8/25/2017,2,1.1910081
9/1/2017,2,2.3392677
9/8/2017,2,-0.8769393
9/15/2017,2,2.6540995
9/22/2017,2,1.6530037
9/29/2017,2,3.4693837
10/6/2017,2,1.1856556
10/13/2017,2,-0.67909956
10/20/2017,2,0.52286386
10/27/2017,2,0.2667308
11/3/2017,2,-1.6493738
11/10/2017,2,-0.7979512
11/17/2017,2,1.7450571
11/24/2017,2,1.983118
12/1/2017,2,1.1956334
12/8/2017,2,-0.9997368
12/15/2017,2,0.49835443
12/22/2017,2,0.90729
12/29/2017,2,-0.32442212
1/5/2018,2,1.3670087
1/12/2018,2,2.1834016
1/19/2018,2,0.62845945
1/26/2018,2,0.37472248
2/2/2018,2,-3.5589874
2/9/2018,2,-4.335487
2/16/2018,2,4.3026686
2/23/2018,2,0.55606365
3/2/2018,2,-1.4017522
3/9/2018,2,4.095471
3/16/2018,2,-0.12529492
3/23/2018,2,-4.6182337
3/29/2018,2,1.6097069
4/6/2018,2,-0.32463074
4/13/2018,2,1.9411087
4/20/2018,2,1.035142
4/27/2018,2,-0.6830275
5/4/2018,2,0.39480925
5/11/2018,2,2.9176593
5/18/2018,2,1.6270161
5/25/2018,2,0.07277727
6/1/2018,2,1.0907769
6/8/2018,2,2.3977995
6/15/2018,2,0.16391277
6/22/2018,2,0.24546385
6/29/2018,2,-2.3934782
7/6/2018,2,3.306973
7/13/2018,2,-0.42913556
7/20/2018,2,1.0133982
7/27/2018,2,-1.349169
8/3/2018,2,1.2390375
8/10/2018,2,0.7043123
8/17/2018,2,1.1121273
8/24/2018,2,1.7915845
8/31/2018,2,0.601542
9/7/2018,2,-1.4837742
9/14/2018,2,0.56198835
9/21/2018,2,-1.151222
9/28/2018,2,-1.0319889
10/5/2018,2,-3.9316833
10/12/2018,2,-5.3812146
10/19/2018,2,-0.2522111
10/26/2018,2,-3.1984806
11/2/2018,2,4.5187354
11/9/2018,2,-0.07497072
11/16/2018,2,-1.0754049
11/23/2018,2,-2.5660455
11/30/2018,2,2.8801203
12/7/2018,2,-6.0781837
12/14/2018,2,-2.832979
12/21/2018,2,-7.8466177
12/28/2018,2,3.8119555
1/4/2019,2,2.7721286
1/11/2019,2,4.490888
1/18/2019,2,2.5949478
1/25/2019,2,-0.19760728
2/1/2019,2,1.1351585
2/8/2019,2,0.26102066
2/15/2019,2,4.3608427
2/22/2019,2,1.2473464
3/1/2019,2,-0.85006356
3/8/2019,2,-4.485589
3/15/2019,2,1.4309883
3/22/2019,2,-3.051877
3/29/2019,2,2.4160385
4/5/2019,2,2.8515816
4/12/2019,2,0.42848587
4/18/2019,2,-0.79057217
4/26/2019,2,1.113081
5/3/2019,2,1.6137123
5/10/2019,2,-2.3513496
5/17/2019,2,-3.13918
5/24/2019,2,-1.757127
5/31/2019,2,-3.0604184
6/7/2019,2,3.4577012
6/14/2019,2,0.46236515
6/21/2019,2,1.499927
6/28/2019,2,1.741612
7/5/2019,2,0.5876303
7/12/2019,2,-0.52069426
7/19/2019,2,-1.3404846
7/26/2019,2,2.4068356
8/2/2019,2,-2.5903523
8/9/2019,2,-0.6485939
8/16/2019,2,-1.2403667
8/23/2019,2,-2.353251
8/30/2019,2,2.3287296
9/6/2019,2,1.2966394
9/13/2019,2,5.015683
9/20/2019,2,-1.417911
9/27/2019,2,-1.4945626
10/4/2019,2,-1.7868638
10/11/2019,2,0.5890012
10/18/2019,2,1.6005278
10/25/2019,2,1.9211054
11/1/2019,2,1.3445616
11/8/2019,2,0.9051442
11/15/2019,2,-0.5652487
11/22/2019,2,-1.0874927
11/29/2019,2,2.211392
12/6/2019,2,0.9778738
12/13/2019,2,0.12104511
12/20/2019,2,1.7790437
12/27/2019,2,-0.14324188
1/3/2020,2,0.25104284
1/10/2020,2,-0.94204545
1/17/2020,2,2.768755
1/24/2020,2,-2.2724628
1/31/2020,2,-3.5358965
2/7/2020,2,2.3111224
2/14/2020,2,1.6273975
2/21/2020,2,-0.7887244
2/28/2020,2,-12.322325
3/6/2020,2,-1.978296
3/13/2020,2,-16.6363
3/20/2020,2,-16.308004
3/27/2020,2,10.911751
4/3/2020,2,-7.2234335
4/9/2020,2,19.670523
4/17/2020,2,-2.7859747
4/24/2020,2,-1.011461
5/1/2020,2,3.4400582
5/8/2020,2,4.3628573
5/15/2020,2,-7.524848
5/22/2020,2,8.768332
5/29/2020,2,3.7327528
6/5/2020,2,11.853647
6/12/2020,2,-9.597195
6/19/2020,2,0.7847786
6/26/2020,2,-3.7665606
7/2/2020,2,4.7184467
7/10/2020,2,-0.7977545
7/17/2020,2,3.7974596
7/24/2020,2,0.47346354
7/31/2020,2,1.6849875
8/7/2020,2,5.364418
8/14/2020,2,0.61308146
8/21/2020,2,-2.4903953
8/28/2020,2,1.9970179
9/4/2020,2,-2.2242904
9/11/2020,2,-3.3101737
9/18/2020,2,1.0566354
9/25/2020,2,-4.1279197
10/2/2020,2,5.0233603
10/9/2020,2,5.7842135
10/16/2020,2,-0.3286004
10/23/2020,2,1.120925
10/30/2020,2,-6.077206
11/6/2020,2,5.6789875
11/13/2020,2,7.38405
11/20/2020,2,2.6306033
11/27/2020,2,3.8268924
12/4/2020,2,2.4342656
12/11/2020,2,0.20177364
12/18/2020,2,1.932776
12/24/2020,2,1.3205647
12/31/2020,2,-0.18463731
1/8/2021,2,6.3329697
1/15/2021,2,1.8829226
1/22/2021,2,1.6070724
1/29/2021,2,-3.5488367
2/5/2021,2,5.493498
2/12/2021,2,3.5946727
2/19/2021,2,-0.60020685
2/26/2021,2,-0.8491397
3/5/2021,2,1.865077
3/12/2021,2,7.435775
3/19/2021,2,-3.1736374
3/26/2021,2,-1.6203403
4/1/2021,2,0.7319927
4/9/2021,2,-0.52683353
4/16/2021,2,1.1505723
4/23/2021,2,0.12639761
4/30/2021,2,-0.3336072
5/6/2011,3,-1.6345322
5/13/2011,3,-0.11922717
5/20/2011,3,-0.3207922
5/27/2011,3,-0.07485151
6/3/2011,3,-2.3144305
6/10/2011,3,-2.162242
6/17/2011,3,0.0608325
6/24/2011,3,-0.188905
7/1/2011,3,5.606818
7/8/2011,3,0.35841465
7/15/2011,3,-2.0163655
7/22/2011,3,2.1945477
7/29/2011,3,-3.9010227
8/5/2011,3,-7.1522474
8/12/2011,3,-1.6322434
8/19/2011,3,-4.6393514
8/26/2011,3,4.7318935
9/2/2011,3,-0.10172129
9/9/2011,3,-1.6376734
9/16/2011,3,5.370915
9/23/2011,3,-6.5675917
9/30/2011,3,-0.34348965
10/7/2011,3,2.262485
10/14/2011,3,5.9286118
10/21/2011,3,1.1422038
10/28/2011,3,3.7347794
11/4/2011,3,-2.4253547
11/11/2011,3,0.9395838
11/18/2011,3,-3.6957264
11/25/2011,3,-4.6229243
12/2/2011,3,7.3233724
12/9/2011,3,0.95306635
12/16/2011,3,-2.9273093
12/23/2011,3,3.947699
12/30/2011,3,-0.7041693
1/6/2012,3,1.7609596
1/13/2012,3,0.88481903
1/20/2012,3,2.0956159
1/27/2012,3,0.21287203
2/3/2012,3,2.0634055
2/10/2012,3,-0.13304949
2/17/2012,3,1.5250087
2/24/2012,3,0.38119555
3/2/2012,3,0.27897358
3/9/2012,3,0.18789768
3/16/2012,3,2.4306774
3/23/2012,3,-0.46330094
3/30/2012,3,0.8306503
4/5/2012,3,-0.7243812
4/13/2012,3,-1.8956959
4/20/2012,3,0.59063435
4/27/2012,3,1.7687559
5/4/2012,3,-2.4147034
5/11/2012,3,-1.0145962
5/18/2012,3,-4.3285847
5/25/2012,3,1.8190265
6/1/2012,3,-2.9825926
6/8/2012,3,3.8545609
6/15/2012,3,1.2984514
6/22/2012,3,-0.5069256
6/29/2012,3,1.9818544
7/6/2012,3,-0.4518509
7/13/2012,3,0.1918912
7/20/2012,3,0.530386
7/27/2012,3,1.6157389
8/3/2012,3,0.4860282
8/10/2012,3,1.0699749
8/17/2012,3,0.9514332
8/24/2012,3,-0.47123432
8/31/2012,3,-0.24732351
9/7/2012,3,2.2456765
9/14/2012,3,2.0162106
9/21/2012,3,-0.40108562
9/28/2012,3,-1.3025284
10/5/2012,3,1.5072584
10/12/2012,3,-2.223897
10/19/2012,3,0.34964085
10/26/2012,3,-1.4224172
11/2/2012,3,0.14855862
11/9/2012,3,-2.401805
11/16/2012,3,-1.2956083
11/23/2012,3,3.6518335
11/30/2012,3,0.56949854
12/7/2012,3,0.18289089
12/14/2012,3,-0.21759868
12/21/2012,3,1.2010336
12/28/2012,3,-1.9329071
1/4/2013,3,4.5276046
1/11/2013,3,0.47824383
1/18/2013,3,0.8567333
1/25/2013,3,1.2944102
2/1/2013,3,0.6589055
2/8/2013,3,0.37027597
2/15/2013,3,0.20421743
2/22/2013,3,-0.14463067
3/1/2013,3,0.14483929
3/8/2013,3,2.189207
3/15/2013,3,0.69719553
3/22/2013,3,-0.14759302
3/28/2013,3,0.6876588
4/5/2013,3,-0.96508265
4/12/2013,3,2.3472786
4/19/2013,3,-2.0906866
4/26/2013,3,1.7751575
5/3/2013,3,1.9767404
5/10/2013,3,1.2654305
5/17/2013,3,2.1602154
5/24/2013,3,-0.9775996
5/31/2013,3,-1.1269808
6/7/2013,3,0.82901716
6/14/2013,3,-0.9860456
6/21/2013,3,-2.0014584
6/28/2013,3,0.8486748
7/5/2013,3,1.6207457
7/12/2013,3,2.754259
7/19/2013,3,0.9909868
7/26/2013,3,-0.035464764
8/2/2013,3,1.088047
8/9/2013,3,-0.9593427
8/16/2013,3,-2.0554006
8/23/2013,3,0.47638416
8/30/2013,3,-1.7825007
9/6/2013,3,1.460433
9/13/2013,3,1.981461
9/20/2013,3,1.3157487
9/27/2013,3,-1.0608017
10/4/2013,3,-0.011247397
10/11/2013,3,0.81117153
10/18/2013,3,2.4245262
10/25/2013,3,0.89570284
11/1/2013,3,0.14777184
11/8/2013,3,0.61290264
11/15/2013,3,1.556778
11/22/2013,3,0.42209625
11/29/2013,3,0.10508299
12/6/2013,3,-0.033146143
12/13/2013,3,-1.5640557
12/20/2013,3,2.4873734
12/27/2013,3,1.2585402
1/3/2014,3,-0.5221844
1/10/2014,3,0.6862283
1/17/2014,3,-0.2742529
1/24/2014,3,-2.583927
1/31/2014,3,-0.3968954
2/7/2014,3,0.8418441
2/14/2014,3,2.4154067
2/21/2014,3,-0.070649385
2/28/2014,3,1.3051271
3/7/2014,3,1.0574937
3/14/2014,3,-1.9122422
3/21/2014,3,1.2805223
3/28/2014,3,-0.3813088
4/4/2014,3,0.490582
4/11/2014,3,-2.6233912
4/17/2014,3,2.6885629
4/25/2014,3,-0.0536561
5/2/2014,3,0.9501338
5/9/2014,3,-0.053167343
5/16/2014,3,0.04788637
5/23/2014,3,1.2230754
5/30/2014,3,1.2240529
6/6/2014,3,1.3986945
6/13/2014,3,-0.63723326
6/20/2014,3,1.4148712
6/27/2014,3,-0.061237812
7/3/2014,3,1.2153983
7/11/2014,3,-0.8022189
7/18/2014,3,0.5594373
7/25/2014,3,0.005114079
8/1/2014,3,-2.6400983
8/8/2014,3,0.3844142
8/15/2014,3,1.2833714
8/22/2014,3,1.7729402
8/29/2014,3,0.7630944
9/5/2014,3,0.19929409
9/12/2014,3,-0.98453164
9/19/2014,3,1.260078
9/26/2014,3,-1.3951182
10/3/2014,3,-0.69731474
10/10/2014,3,-3.0429542
10/17/2014,3,-1.086384
10/24/2014,3,4.223478
10/31/2014,3,2.6625276
11/7/2014,3,0.8330822
11/14/2014,3,0.44261217
11/21/2014,3,1.1946678
11/28/2014,3,0.25160313
12/5/2014,3,0.38610697
12/12/2014,3,-3.4182668
12/19/2014,3,3.3674717
12/26/2014,3,0.9296894
1/2/2015,3,-1.4440656
1/9/2015,3,-0.574404
1/16/2015,3,-1.2827396
1/23/2015,3,1.6564965
1/30/2015,3,-2.693081
2/6/2015,3,3.0584097
2/13/2015,3,2.0578861
2/20/2015,3,0.69549084
2/27/2015,3,-0.27409196
3/6/2015,3,-1.5000463
3/13/2015,3,-0.8061707
3/20/2015,3,2.6787639
3/27/2015,3,-2.2194743
4/2/2015,3,0.33780336
4/10/2015,3,1.7463088
4/17/2015,3,-0.9950459
4/24/2015,3,1.7792225
5/1/2015,3,-0.43935776
5/8/2015,3,0.42710304
5/15/2015,3,0.3874898
5/22/2015,3,0.25889874
5/29/2015,3,-0.8685887
6/5/2015,3,-0.64885616
6/12/2015,3,0.114405155
6/19/2015,3,0.8714199
6/26/2015,3,-0.46961308
7/2/2015,3,-1.1962652
7/10/2015,3,0.08200407
7/17/2015,3,2.4098754
7/24/2015,3,-2.1084309
7/31/2015,3,1.2019277
8/7/2015,3,-1.2114048
8/14/2015,3,0.70689917
8/21/2015,3,-5.6298313
8/28/2015,3,0.8348942
9/4/2015,3,-3.3570886
9/11/2015,3,2.154839
9/18/2015,3,-0.13041496
9/25/2015,3,-1.3302565
10/2/2015,3,1.1148572
10/9/2015,3,3.2461524
10/16/2015,3,0.9635925
10/23/2015,3,2.0858884
10/30/2015,3,0.20239353
11/6/2015,3,1.0147691
11/13/2015,3,-3.5707474
11/20/2015,3,3.3429503
11/27/2015,3,0.11905432
12/4/2015,3,0.028634071
12/11/2015,3,-3.6923885
12/18/2015,3,-0.32081008
12/24/2015,3,2.8293014
12/31/2015,3,-0.88000894
1/8/2016,3,-5.860102
1/15/2016,3,-2.1430492
1/22/2016,3,1.4429569
1/29/2016,3,1.6800284
2/5/2016,3,-2.978927
2/12/2016,3,-0.7023096
2/19/2016,3,2.8773427
2/26/2016,3,1.6089559
3/4/2016,3,2.7376175
3/11/2016,3,1.1625051
3/18/2016,3,1.3166308
3/24/2016,3,-0.61650276
4/1/2016,3,1.870811
4/8/2016,3,-1.169914
4/15/2016,3,1.6043067
4/22/2016,3,0.5727172
4/29/2016,3,-1.2629569
5/6/2016,3,-0.29602647
5/13/2016,3,-0.46665668
5/20/2016,3,0.35651922
5/27/2016,3,2.3115516
6/3/2016,3,0.019025803
6/10/2016,3,-0.09986162
6/17/2016,3,-1.176542
6/24/2016,3,-1.6414881
7/1/2016,3,3.3430815
7/8/2016,3,1.3001084
7/15/2016,3,1.4954209
7/22/2016,3,0.65329075
7/29/2016,3,-0.055241585
8/5/2016,3,0.48820972
8/12/2016,3,0.12834072
8/19/2016,3,0.036609173
8/26/2016,3,-0.5719781
9/2/2016,3,0.4970312
9/9/2016,3,-2.3309052
9/16/2016,3,0.5495429
9/23/2016,3,1.2279153
9/30/2016,3,0.14352798
10/7/2016,3,-0.5825281
10/14/2016,3,-0.89285374
10/21/2016,3,0.40352345
10/28/2016,3,-0.6729603
11/4/2016,3,-1.87729
11/11/2016,3,3.7736773
11/18/2016,3,0.96108913
11/25/2016,3,1.3821483
12/2/2016,3,-0.83063245
12/9/2016,3,3.1090736
12/16/2016,3,-0.062280893
12/23/2016,3,0.2977252
12/30/2016,3,-0.9658456
1/6/2017,3,1.646316
1/13/2017,3,-0.07042289
1/20/2017,3,-0.1365304
1/27/2017,3,0.9835005
2/3/2017,3,0.16158819
2/10/2017,3,0.946188
2/17/2017,3,1.546371
2/24/2017,3,0.70186853
3/3/2017,3,0.709641
3/10/2017,3,-0.3061831
3/17/2017,3,0.15697479
3/24/2017,3,-1.3373852
3/31/2017,3,0.80389977
4/7/2017,3,-0.22906661
4/13/2017,3,-1.1437058
4/21/2017,3,0.8945823
4/28/2017,3,1.4877081
5/5/2017,3,0.6804466
5/12/2017,3,-0.3003776
5/19/2017,3,-0.2803564
5/26/2017,3,1.4267206
6/2/2017,3,1.0177493
6/9/2017,3,-0.31125546
6/16/2017,3,0.16971827
6/23/2017,3,0.20195246
6/30/2017,3,-0.54703355
7/7/2017,3,0.12820959
7/14/2017,3,1.4249682
7/21/2017,3,0.53755045
7/28/2017,3,0.012147427
8/4/2017,3,0.20250082
8/11/2017,3,-1.3297796
8/18/2017,3,-0.5775809
8/25/2017,3,0.7622242
9/1/2017,3,1.341188
9/8/2017,3,-0.50839186
9/15/2017,3,1.5591621
9/22/2017,3,0.10032654
9/29/2017,3,0.71760416
10/6/2017,3,1.2498498
10/13/2017,3,0.22801161
10/20/2017,3,0.8472204
10/27/2017,3,0.2333641
11/3/2017,3,0.28715134
11/10/2017,3,-0.13929605
11/17/2017,3,-0.089120865
11/24/2017,3,0.96951723
12/1/2017,3,1.5747428
12/8/2017,3,0.39703846
12/15/2017,3,0.885582
12/22/2017,3,0.37522316
12/29/2017,3,-0.24299026
1/5/2018,3,2.4582267
1/12/2018,3,1.6458154
1/19/2018,3,0.89594126
1/26/2018,3,2.2003412
2/2/2018,3,-3.8837254
2/9/2018,3,-5.0644455
2/16/2018,3,4.4397593
2/23/2018,3,0.58584213
3/2/2018,3,-2.0494342
3/9/2018,3,3.6383271
3/16/2018,3,-1.2813151
3/23/2018,3,-5.8898687
3/29/2018,3,1.9763589
4/6/2018,3,-1.3034344
4/13/2018,3,2.0907044
4/20/2018,3,0.5506277
4/27/2018,3,-0.018751621
5/4/2018,3,-0.20258427
5/11/2018,3,2.567482
5/18/2018,3,-0.55708885
5/25/2018,3,0.3022194
6/1/2018,3,0.532794
6/8/2018,3,1.6776323
6/15/2018,3,0.06670952
6/22/2018,3,-0.86241364
6/29/2018,3,-1.2593687
7/6/2018,3,1.5261054
7/13/2018,3,1.5140414
7/20/2018,3,0.03218651
7/27/2018,3,0.62214136
8/3/2018,3,0.7746458
8/10/2018,3,-0.15515089
8/17/2018,3,0.6709933
8/24/2018,3,0.85947514
8/31/2018,3,0.9738803
9/7/2018,3,-0.93348026
9/14/2018,3,1.1404753
9/21/2018,3,0.8362889
9/28/2018,3,-0.43494105
10/5/2018,3,-0.9975195
10/12/2018,3,-4.124105
10/19/2018,3,0.10870695
10/26/2018,3,-3.9529443
11/2/2018,3,2.4724007
11/9/2018,3,2.1589637
11/16/2018,3,-1.4508903
11/23/2018,3,-3.828591
11/30/2018,3,4.7103524
12/7/2018,3,-4.382366
12/14/2018,3,-1.1761606
12/21/2018,3,-7.0390344
12/28/2018,3,2.9289603
1/4/2019,3,1.8728614
1/11/2019,3,2.611041
1/18/2019,3,2.8882504
1/25/2019,3,-0.2551973
2/1/2019,3,1.6103506
2/8/2019,3,0.15182495
2/15/2019,3,2.5511146
2/22/2019,3,0.63813925
3/1/2019,3,0.45855045
3/8/2019,3,-2.1253884
3/15/2019,3,2.9451013
3/22/2019,3,-0.7322848
3/29/2019,3,1.1566758
4/5/2019,3,2.1559
4/12/2019,3,0.55099726
4/18/2019,3,-0.04825592
4/26/2019,3,1.1688948
5/3/2019,3,0.21131039
5/10/2019,3,-2.0168006
5/17/2019,3,-0.78445077
5/24/2019,3,-1.0705292
5/31/2019,3,-2.6557803
6/7/2019,3,4.497409
6/14/2019,3,0.55971146
6/21/2019,3,2.133596
6/28/2019,3,-0.3401339
7/5/2019,3,1.8634796
7/12/2019,3,0.73376894
7/19/2019,3,-1.1574864
7/26/2019,3,1.6286969
8/2/2019,3,-3.109175
8/9/2019,3,-0.34173727
8/16/2019,3,-0.9498596
8/23/2019,3,-1.3848007
8/30/2019,3,2.6680708
9/6/2019,3,1.9148469
9/13/2019,3,1.0199666
9/20/2019,3,-0.47374368
9/27/2019,3,-0.96553564
10/4/2019,3,-0.35544634
10/11/2019,3,0.65567493
10/18/2019,3,0.5704045
10/25/2019,3,1.2182474
11/1/2019,3,1.5053034
11/8/2019,3,0.91460943
11/15/2019,3,0.922513
11/22/2019,3,-0.26621222
11/29/2019,3,1.0773063
12/6/2019,3,0.1781702
12/13/2019,3,0.7781029
12/20/2019,3,1.5693903
12/27/2019,3,0.66410303
1/3/2020,3,-0.13937354
1/10/2020,3,1.0235429
1/17/2020,3,1.9158244
1/24/2020,3,-0.95798373
1/31/2020,3,-2.1413088
2/7/2020,3,3.2542825
2/14/2020,3,1.625526
2/21/2020,3,-1.2203753
2/28/2020,3,-11.161089
3/6/2020,3,0.40504932
3/13/2020,3,-9.460092
3/20/2020,3,-14.523411
3/27/2020,3,10.760487
4/3/2020,3,-2.0637631
4/9/2020,3,12.091541
4/17/2020,3,3.033793
4/24/2020,3,-1.2803555
5/1/2020,3,-0.06361008
5/8/2020,3,3.4124255
5/15/2020,3,-2.1064162
5/22/2020,3,3.1996608
5/29/2020,3,3.0056834
6/5/2020,3,4.9355865
6/12/2020,3,-4.737896
6/19/2020,3,1.9053459
6/26/2020,3,-2.7831852
7/2/2020,3,4.0593266
7/10/2020,3,1.7166734
7/17/2020,3,1.3004184
7/24/2020,3,-0.26109815
7/31/2020,3,1.7576575
8/7/2020,3,2.465403
8/14/2020,3,0.6784797
8/21/2020,3,0.7837534
8/28/2020,3,3.2696962
9/4/2020,3,-2.2847772
9/11/2020,3,-2.4841666
9/18/2020,3,-0.61988235
9/25/2020,3,-0.58066845
10/2/2020,3,1.5544653
10/9/2020,3,3.8970828
10/16/2020,3,0.12686253
10/23/2020,3,-0.434798
10/30/2020,3,-5.564231
11/6/2020,3,7.233417
11/13/2020,3,2.2675395
11/20/2020,3,-0.7735312
11/27/2020,3,2.3471236
12/4/2020,3,1.6993403
12/11/2020,3,-0.9598553
12/18/2020,3,1.2175798
12/24/2020,3,-0.0487566
12/31/2020,3,1.3224959
1/8/2021,3,1.9738913
1/15/2021,3,-1.458323
1/22/2021,3,1.9110918
1/29/2021,3,-3.3456922
2/5/2021,3,4.766667
2/12/2021,3,1.2715697
2/19/2021,3,-0.66473484
2/26/2021,3,-2.479303
3/5/2021,3,0.85971355
3/12/2021,3,2.7187586
3/19/2021,3,-0.8379936
3/26/2021,3,1.6688943
4/1/2021,3,1.1692405
4/9/2021,3,2.7158618
4/16/2021,3,1.4022231
4/23/2021,3,-0.12462735
4/30/2021,3,0.13437271
5/6/2011,4,0.48478842
5/13/2011,4,0.12187958
5/20/2011,4,0.1872778
5/27/2011,4,0.41126013
6/3/2011,4,0.18868446
6/10/2011,4,0.14909506
6/17/2011,4,0.009202957
6/24/2011,4,0.13033152
7/1/2011,4,-0.8607745
7/8/2011,4,0.67669153
7/15/2011,4,0.4387498
7/22/2011,4,-0.037169456
7/29/2011,4,0.56717396
8/5/2011,4,0.63791275
8/12/2011,4,0.6356478
8/19/2011,4,0.72318316
8/26/2011,4,-0.5907476
9/2/2011,4,0.73331594
9/9/2011,4,0.19099712
9/16/2011,4,-0.29049516
9/23/2011,4,0.35506487
9/30/2011,4,-0.10886788
10/7/2011,4,-0.5999327
10/14/2011,4,-0.26549697
10/21/2011,4,0.43143034
10/28/2011,4,0.09139776
11/4/2011,4,0.70911646
11/11/2011,4,-0.19090772
11/18/2011,4,-0.15484095
11/25/2011,4,0.009119511
12/2/2011,4,0.06213188
12/9/2011,4,0.2474308
12/16/2011,4,0.603354
12/23/2011,4,-0.25443435
12/30/2011,4,0.46253204
1/6/2012,4,-0.11790991
1/13/2012,4,0.39048195
1/20/2012,4,-0.515604
1/27/2012,4,0.50917864
2/3/2012,4,0.26682615
2/10/2012,4,-0.13566613
2/17/2012,4,-0.06340742
2/24/2012,4,0.235641
3/2/2012,4,0.1597166
3/9/2012,4,-0.28054118
3/16/2012,4,-0.82585216
3/23/2012,4,0.38433075
3/30/2012,4,0.13673306
4/5/2012,4,0.021147728
4/13/2012,4,0.66587925
4/20/2012,4,0.108742714
4/27/2012,4,0.14481544
5/4/2012,4,0.23536682
5/11/2012,4,0.10843277
5/18/2012,4,0.18954277
5/25/2012,4,-0.07207394
6/1/2012,4,0.8279681
6/8/2012,4,-0.62723756
6/15/2012,4,0.43281317
6/22/2012,4,-0.30525923
6/29/2012,4,0.23415089
7/6/2012,4,0.452137
7/13/2012,4,0.44810772
7/20/2012,4,0.30335188
7/27/2012,4,-0.11563301
8/3/2012,4,-0.071161985
8/10/2012,4,-0.10714531
8/17/2012,4,-0.57209134
8/24/2012,4,0.53043365
8/31/2012,4,0.49186945
9/7/2012,4,-0.23268461
9/14/2012,4,-0.46473742
9/21/2012,4,0.5207777
9/28/2012,4,0.44484138
10/5/2012,4,-0.33886433
10/12/2012,4,0.41122437
10/19/2012,4,-0.329417
10/26/2012,4,0.07146597
11/2/2012,4,0.073218346
11/9/2012,4,0.18825531
11/16/2012,4,0.11599064
11/23/2012,4,-0.2227962
11/30/2012,4,0.25901794
12/7/2012,4,0.06811619
12/14/2012,4,-0.27763247
12/21/2012,4,-0.20655394
12/28/2012,4,0.3512144
1/4/2013,4,-0.4403293
1/11/2013,4,0.05415678
1/18/2013,4,0.072169304
1/25/2013,4,-0.3245294
2/1/2013,4,-0.37853718
2/8/2013,4,0.30925274
2/15/2013,4,-0.02720356
2/22/2013,4,0.05441904
3/1/2013,4,0.50719976
3/8/2013,4,-0.75908303
3/15/2013,4,0.35512447
3/22/2013,4,0.1814723
3/28/2013,4,0.28983355
4/5/2013,4,0.6595254
4/12/2013,4,0
4/19/2013,4,0.035977364
4/26/2013,4,0.22473335
5/3/2013,4,-0.26768446
5/10/2013,4,-0.45949817
5/17/2013,4,-0.15388131
5/24/2013,4,-0.38980842
5/31/2013,4,-0.7007599
6/7/2013,4,-0.27933717
6/14/2013,4,0.1565218
6/21/2013,4,-1.9948483
6/28/2013,4,0.562799
7/5/2013,4,-1.0935783
7/12/2013,4,0.916481
7/19/2013,4,0.66473484
7/26/2013,4,-0.24181008
8/2/2013,4,-0.19154549
8/9/2013,4,0.28077364
8/16/2013,4,-1.2319148
8/23/2013,4,0.066149235
8/30/2013,4,0.29273033
9/6/2013,4,-0.6890476
9/13/2013,4,0.38944483
9/20/2013,4,1.0218501
9/27/2013,4,0.48702955
10/4/2013,4,-0.03657341
10/11/2013,4,0.009346008
10/18/2013,4,0.6444454
10/25/2013,4,0.2319932
11/1/2013,4,-0.342381
11/8/2013,4,-0.58631897
11/15/2013,4,0.5055189
11/22/2013,4,-0.11177659
11/29/2013,4,0.18650293
12/6/2013,4,-0.565362
12/13/2013,4,0.018763542
12/20/2013,4,0.1969099
12/27/2013,4,-0.2056539
1/3/2014,4,0.103354454
1/10/2014,4,0.5256176
1/17/2014,4,0.140059
1/24/2014,4,0.3076911
1/31/2014,4,0.45547485
2/7/2014,4,-0.040990114
2/14/2014,4,-0.046378374
2/21/2014,4,0.02784729
2/28/2014,4,0.43598413
3/7/2014,4,-0.5541384
3/14/2014,4,0.42802095
3/21/2014,4,-0.31502247
3/28/2014,4,0.28814077
4/4/2014,4,0.07870197
4/11/2014,4,0.6030798
4/17/2014,4,-0.22134185
4/25/2014,4,0.18485785
5/2/2014,4,0.4505515
5/9/2014,4,0.009202957
5/16/2014,4,0.46921968
5/23/2014,4,0.027477741
5/30/2014,4,0.4028201
6/6/2014,4,-0.5315602
6/13/2014,4,0
6/20/2014,4,0.055110455
6/27/2014,4,0.4130721
7/3/2014,4,-0.5251169
7/11/2014,4,0.49715042
7/18/2014,4,0.054967403
7/25/2014,4,0.10071993
8/1/2014,4,0.009155273
8/8/2014,4,0.21989346
8/15/2014,4,0.4662633
8/22/2014,4,-0.30030012
8/29/2014,4,0.38335323
9/5/2014,4,-0.37765503
9/12/2014,4,-0.6766081
9/19/2014,4,0.046026707
9/26/2014,4,0.34965277
10/3/2014,4,0.39337873
10/10/2014,4,0.6312847
10/17/2014,4,0.48185587
10/24/2014,4,-0.22620559
10/31/2014,4,-0.17229915
11/7/2014,4,0.019955635
11/14/2014,4,-0.045496225
11/21/2014,4,0.036406517
11/28/2014,4,0.6460428
12/5/2014,4,-0.6400645
12/12/2014,4,0.8575082
12/19/2014,4,-0.25325418
12/26/2014,4,-0.15474558
1/2/2015,4,0.6287575
1/9/2015,4,0.5433321
1/16/2015,4,0.4233122
1/23/2015,4,0.18833876
1/30/2015,4,0.5997658
2/6/2015,4,-1.0178566
2/13/2015,4,-0.2701223
2/20/2015,4,-0.18959641
2/27/2015,4,0.58796406
3/6/2015,4,-1.1819482
3/13/2015,4,0.58341026
3/20/2015,4,0.8881688
3/27/2015,4,-0.11677742
4/2/2015,4,0.4053712
4/10/2015,4,-0.16153455
4/17/2015,4,0.3775239
4/24/2015,4,-0.15223026
5/1/2015,4,-0.85555315
5/8/2015,4,-0.04531145
5/15/2015,4,-0.08160472
5/22/2015,4,-0.37204623
5/29/2015,4,0.34611225
6/5/2015,4,-1.2831569
6/12/2015,4,0.027632713
6/19/2015,4,0.58021545
6/26/2015,4,-0.91566443
7/2/2015,4,0.4125595
7/10/2015,4,-0.055336952
7/17/2015,4,0.37829876
7/24/2015,4,0.30333996
7/31/2015,4,0.34823418
8/7/2015,4,-0.07958412
8/14/2015,4,-0.1190424
8/21/2015,4,0.63261986
8/28/2015,4,-0.6924212
9/4/2015,4,0.45173168
9/11/2015,4,-0.19218326
9/18/2015,4,0.20172596
9/25/2015,4,-0.15556216
10/2/2015,4,0.81117153
10/9/2015,4,-0.41897893
10/16/2015,4,0.40245056
10/23/2015,4,-0.01821518
10/30/2015,4,-0.27335286
11/6/2015,4,-0.9003043
11/13/2015,4,0.27713776
11/20/2015,4,0.064480305
11/27/2015,4,0.13809204
12/4/2015,4,-0.14721751
12/11/2015,4,0.4157424
12/18/2015,4,-0.28522015
12/24/2015,4,-0.13623834
12/31/2015,4,0
1/8/2016,4,0.60179234
1/15/2016,4,0.24847984
1/22/2016,4,-0.08262396
1/29/2016,4,0.46857595
2/5/2016,4,0.18107891
2/12/2016,4,0.41162968
2/19/2016,4,0.0182271
2/26/2016,4,0.15484095
3/4/2016,4,-0.32692552
3/11/2016,4,0.03657341
3/18/2016,4,0.6854296
3/24/2016,4,-0.054460764
4/1/2016,4,0.5644679
4/8/2016,4,0.3348112
4/15/2016,4,0.06313324
4/22/2016,4,-0.38756132
4/29/2016,4,0.33478737
5/6/2016,4,0.25718212
5/13/2016,4,0.20725727
5/20/2016,4,-0.5935192
5/27/2016,4,0.081419945
6/3/2016,4,0.8028269
6/10/2016,4,0.19766092
6/17/2016,4,0.24211407
6/24/2016,4,0.06262064
7/1/2016,4,0.8961916
7/8/2016,4,0.5326271
7/15/2016,4,-0.8741677
7/22/2016,4,0.24050474
7/29/2016,4,0.43543577
8/5/2016,4,-0.5691886
8/12/2016,4,0.41009188
8/19/2016,4,-0.13317466
8/26/2016,4,-0.12447238
9/2/2016,4,0.15807152
9/9/2016,4,-0.5164206
9/16/2016,4,0.0626564
9/23/2016,4,0.38461685
9/30/2016,4,0.16928911
10/7/2016,4,-0.5664885
10/14/2016,4,-0.18820763
10/21/2016,4,0.41303635
10/28/2016,4,-0.59912205
11/4/2016,4,0.26066303
11/11/2016,4,-1.7889202
11/18/2016,4,-0.8054912
11/25/2016,4,-0.18455982
12/2/2016,4,0.049841404
12/9/2016,4,-0.1666367
12/16/2016,4,-0.5656481
12/23/2016,4,0.4090786
12/30/2016,4,0.5957961
1/6/2017,4,0.21284819
1/13/2017,4,0.120043755
1/20/2017,4,-0.31359196
1/27/2017,4,0
2/3/2017,4,0.1369834
2/10/2017,4,0.41662455
2/17/2017,4,-0.092196465
2/24/2017,4,0.5906224
3/3/2017,4,-0.7887304
3/10/2017,4,-0.5744934
3/17/2017,4,0.54985285
3/24/2017,4,0.4356265
3/31/2017,4,0.11997223
4/7/2017,4,0.1589179
4/13/2017,4,0.76539516
4/21/2017,4,0.06406307
4/28/2017,4,-0.082308054
5/5/2017,4,-0.28454065
5/12/2017,4,0.20239353
5/19/2017,4,0.5508661
5/26/2017,4,-0.07303953
6/2/2017,4,0.5757928
6/9/2017,4,-0.25491714
6/16/2017,4,0.34685135
6/23/2017,4,0.10005236
6/30/2017,4,-0.49068928
7/7/2017,4,-0.35141706
7/14/2017,4,0.4315853
7/21/2017,4,0.50287247
7/28/2017,4,-0.20014644
8/4/2017,4,0.19129515
8/11/2017,4,0.17323494
8/18/2017,4,0.072813034
8/25/2017,4,0.15462637
9/1/2017,4,0.07241964
9/8/2017,4,0.42738914
9/15/2017,4,-0.47989488
9/22/2017,4,-0.12738109
9/29/2017,4,-0.16397834
10/6/2017,4,-0.07547736
10/13/2017,4,0.5307436
10/20/2017,4,-0.5097389
10/27/2017,4,-0.05490184
11/3/2017,4,0.40094852
11/10/2017,4,-0.42028427
11/17/2017,4,0.29360056
11/24/2017,4,0.20126104
12/1/2017,4,-0.1270175
12/8/2017,4,0.027477741
12/15/2017,4,0.2564311
12/22/2017,4,-0.5148351
12/29/2017,4,0.4225254
1/5/2018,4,-0.2652526
1/12/2018,4,-0.27512908
1/19/2018,4,-0.5149901
1/26/2018,4,0.17563105
2/2/2018,4,-0.85648894
2/9/2018,4,-0.41044354
2/16/2018,4,0.03746748
2/23/2018,4,-0.15918016
3/2/2018,4,0.061011314
3/9/2018,4,-0.08453727
3/16/2018,4,0.31023026
3/23/2018,4,-0.08434653
3/29/2018,4,0.60031414
4/6/2018,4,-0.09009838
4/13/2018,4,-0.10288954
4/20/2018,4,-0.74906945
4/27/2018,4,-0.01886487
5/4/2018,4,0.11328459
5/11/2018,4,0
5/18/2018,4,-0.5289972
5/25/2018,4,0.77872276
6/1/2018,4,0.19720793
6/8/2018,4,-0.31108856
6/15/2018,4,0.12292862
6/22/2018,4,0.056672096
6/29/2018,4,0.35868883
7/6/2018,4,0.30959845
7/13/2018,4,0.08457899
7/20/2018,4,-0.22533536
7/27/2018,4,-0.17878413
8/3/2018,4,0.13318062
8/10/2018,4,0.24535656
8/17/2018,4,0.21650791
8/24/2018,4,0.25361776
8/31/2018,4,-0.29982328
9/7/2018,4,-0.34543872
9/14/2018,4,-0.13231039
9/21/2018,4,-0.1987338
9/28/2018,4,0.056886673
10/5/2018,4,-0.88933706
10/12/2018,4,0.40256977
10/19/2018,4,-0.3627658
10/26/2018,4,0.50780773
11/2/2018,4,-0.58499575
11/9/2018,4,0.10573864
11/16/2018,4,0.49933195
11/23/2018,4,-0.009554625
11/30/2018,4,0.21977425
12/7/2018,4,0.8117795
12/14/2018,4,0.07584095
12/21/2018,4,0.41644573
12/28/2018,4,0.4064679
1/4/2019,4,0.44248104
1/11/2019,4,-0.13121963
1/18/2019,4,-0.18770695
1/25/2019,4,0.31030178
2/1/2019,4,0.5233884
2/8/2019,4,0.34588575
2/15/2019,4,-0.037258863
2/22/2019,4,0.09319782
3/1/2019,4,-0.46849847
3/8/2019,4,0.7502556
3/15/2019,4,0.25132895
3/22/2019,4,0.8542299
3/29/2019,4,0.41428804
4/5/2019,4,-0.3833115
4/12/2019,4,-0.11071563
4/18/2019,4,-0.07388592
4/26/2019,4,0.480628
5/3/2019,4,-0.10089874
5/10/2019,4,-100
5/17/2019,4,0.33128262
5/24/2019,4,0.3485322
5/31/2019,4,0.9048462
6/7/2019,4,0.35338402
6/14/2019,4,0.03619194
6/21/2019,4,0.4974246
6/28/2019,4,0.20698309
7/5/2019,4,-0.007224083
7/12/2019,4,-0.2700448
7/19/2019,4,0.34298897
7/26/2019,4,0.035977364
8/2/2019,4,0.89957714
8/9/2019,4,0.6163478
8/16/2019,4,0.9144187
8/23/2019,4,0.0967741
8/30/2019,4,0.30760765
9/6/2019,4,-0.1723051
9/13/2019,4,-1.6891003
9/20/2019,4,1.0469794
9/27/2019,4,0.19482374
10/4/2019,4,0.8266568
10/11/2019,4,-0.95764995
10/18/2019,4,0.06209612
10/25/2019,4,-0.15957355
11/1/2019,4,0.4984498
11/8/2019,4,-0.99176764
11/15/2019,4,0.53663254
11/22/2019,4,0.40920973
11/29/2019,4,-0.008863211
12/6/2019,4,-0.08355379
12/13/2019,4,0.25773048
12/20/2019,4,-0.265491
12/27/2019,4,0.27599335
1/3/2020,4,0.33739805
1/10/2020,4,-0.026547909
1/17/2020,4,0.061953068
1/24/2020,4,0.6545782
1/31/2020,4,0.755775
2/7/2020,4,-0.16273856
2/14/2020,4,0.061285496
2/21/2020,4,0.53373575
2/28/2020,4,1.1488199
3/6/2020,4,1.6167879
3/13/2020,4,-5.090785
3/20/2020,4,-1.6359746
3/27/2020,4,5.034995
4/3/2020,4,-0.2953291
4/9/2020,4,1.9742489
4/17/2020,4,0
4/24/2020,4,0.09381771
5/1/2020,4,-0.21617413
5/8/2020,4,-0.35082102
5/15/2020,4,0.48943758
5/22/2020,4,0.35034418
5/29/2020,4,0.17881393
6/5/2020,4,-0.45592785
6/12/2020,4,0.58169365
6/19/2020,4,0.1871109
6/26/2020,4,0.17826557
7/2/2020,4,0.34137964
7/10/2020,4,0.25382042
7/17/2020,4,0.32913685
7/24/2020,4,0.33648014
7/31/2020,4,0.23473501
8/7/2020,4,0.0647068
8/14/2020,4,-1.0298967
8/21/2020,4,0.40609837
8/28/2020,4,-0.4802823
9/4/2020,4,0.15681982
9/11/2020,4,0.22861958
9/18/2020,4,-0.12672544
9/25/2020,4,-0.07613301
10/2/2020,4,-0.023961067
10/9/2020,4,-0.15267134
10/16/2020,4,0.14441013
10/23/2020,4,-0.35626292
10/30/2020,4,-0.22984743
11/6/2020,4,0.6758332
11/13/2020,4,-0.13582706
11/20/2020,4,0.55253506
11/27/2020,4,-0.025361776
12/4/2020,4,-0.3923893
12/11/2020,4,0.37418604
12/18/2020,4,-0.097203255
12/24/2020,4,0.16978979
12/31/2020,4,0.16951561
1/8/2021,4,-0.93916655
1/15/2021,4,0.14519691
1/22/2021,4,0
1/29/2021,4,0.051176548
2/5/2021,4,-0.34782887
2/12/2021,4,-0.1113832
2/19/2021,4,-0.63475966
2/26/2021,4,-0.43162704
3/5/2021,4,-0.7545471
3/12/2021,4,-0.42877197
3/19/2021,4,-0.24606586
3/26/2021,4,0.35239458
4/1/2021,4,0.26528835
4/9/2021,4,0.12276173
4/16/2021,4,0.31529665
4/23/2021,4,0.18334389
4/30/2021,4,-0.2265811
5/6/2011,5,0.18467903
5/13/2011,5,-0.22102594
5/20/2011,5,0.4430294
5/27/2011,5,-0.09801984
6/3/2011,5,-1.150018
6/10/2011,5,-1.3233423
6/17/2011,5,-0.3542483
6/24/2011,5,0.1777649
7/1/2011,5,2.749133
7/8/2011,5,0.17377138
7/15/2011,5,-0.5947828
7/22/2011,5,0.82273483
7/29/2011,5,-0.46982765
8/5/2011,5,-4.1273475
8/12/2011,5,-1.6953707
8/19/2011,5,0.4510641
8/26/2011,5,0
9/2/2011,5,1.8828869
9/9/2011,5,-1.5135765
9/16/2011,5,1.1128783
9/23/2011,5,-2.332288
9/30/2011,5,-2.8977692
10/7/2011,5,0.5625248
10/14/2011,5,3.954649
10/21/2011,5,2.154827
10/28/2011,5,2.0833492
11/4/2011,5,-0.40926933
11/11/2011,5,-0.87629557
11/18/2011,5,-2.080083
11/25/2011,5,-3.2660544
12/2/2011,5,4.7380447
12/9/2011,5,0.6858468
12/16/2011,5,-0.20958781
12/23/2011,5,1.9952655
12/30/2011,5,0.2130866
1/6/2012,5,0.052011013
1/13/2012,5,0.33791065
1/20/2012,5,0.9326458
1/27/2012,5,1.2833714
2/3/2012,5,0.62235594
2/10/2012,5,-0.050646067
2/17/2012,5,-0.05066991
2/24/2012,5,1.2927651
3/2/2012,5,0.08949041
3/9/2012,5,-0.42755604
3/16/2012,5,-0.050526857
3/23/2012,5,-0.404346
3/30/2012,5,-0.10149479
4/5/2012,5,-0.40174127
4/13/2012,5,0.256598
4/20/2012,5,0.563097
4/27/2012,5,0.8144617
5/4/2012,5,0.59148073
5/11/2012,5,-0.121217966
5/18/2012,5,-3.3628225
5/25/2012,5,0.4447937
6/1/2012,5,-1.4669478
6/8/2012,5,2.048421
6/15/2012,5,0.83419085
6/22/2012,5,0.9048581
6/29/2012,5,1.1017084
7/6/2012,5,0.4704833
7/13/2012,5,0.2030015
7/20/2012,5,0.3038764
7/27/2012,5,0.5301595
8/3/2012,5,0.60179234
8/10/2012,5,-0.20085573
8/17/2012,5,0
8/24/2012,5,0.6037712
8/31/2012,5,0.37509203
9/7/2012,5,0.6545663
9/14/2012,5,1.4683962
9/21/2012,5,-0.6131947
9/28/2012,5,-0.7650614
10/5/2012,5,0.52689314
10/12/2012,5,0.12438297
10/19/2012,5,0.42136908
10/26/2012,5,-0.34538507
11/2/2012,5,0.40894747
11/9/2012,5,-0.72104335
11/16/2012,5,-0.47582388
11/23/2012,5,1.2078524
11/30/2012,5,0.84534883
12/7/2012,5,0.69668293
12/14/2012,5,0.3446579
12/21/2012,5,0.29439926
12/28/2012,5,-0.28163195
1/4/2013,5,1.0850787
1/11/2013,5,0.536716
1/18/2013,5,0.29120445
1/25/2013,5,0.07258654
2/1/2013,5,-1.033932
2/8/2013,5,-0.6630719
2/15/2013,5,0.51915646
2/22/2013,5,0.41811466
3/1/2013,5,0.525403
3/8/2013,5,0.15918016
3/15/2013,5,0.44994354
3/22/2013,5,-0.09493828
3/28/2013,5,0.17057657
4/5/2013,5,-0.00539422
4/12/2013,5,0.78240633
4/19/2013,5,-0.26686192
4/26/2013,5,0.9973049
5/3/2013,5,1.0404468
5/10/2013,5,-0.23956895
5/17/2013,5,-0.19212365
5/24/2013,5,-0.7459104
5/31/2013,5,-1.6242385
6/7/2013,5,-0.33893585
6/14/2013,5,-0.049698353
6/21/2013,5,-2.685237
6/28/2013,5,0.89422464
7/5/2013,5,-0.74927807
7/12/2013,5,2.9494762
7/19/2013,5,1.420021
7/26/2013,5,-0.7860422
8/2/2013,5,-0.40351748
8/9/2013,5,-0.49961805
8/16/2013,5,-1.0293841
8/23/2013,5,0.58345795
8/30/2013,5,0.05043745
9/6/2013,5,-0.2385974
9/13/2013,5,0.5613327
9/20/2013,5,1.159358
9/27/2013,5,-0.34956336
10/4/2013,5,0.55589676
10/11/2013,5,0.37566423
10/18/2013,5,1.1476994
10/25/2013,5,0.320673
11/1/2013,5,-0.104635954
11/8/2013,5,0
11/15/2013,5,0.2448678
11/22/2013,5,0.12584925
11/29/2013,5,0.4189253
12/6/2013,5,-0.16847253
12/13/2013,5,0.024712086
12/20/2013,5,0.2963662
12/27/2013,5,0.21498203
1/3/2014,5,0.1481533
1/10/2014,5,0.56705475
1/17/2014,5,0.3677249
1/24/2014,5,-0.85489154
1/31/2014,5,44
2/7/2014,5,0.3391266
2/14/2014,5,0.5646944
2/21/2014,5,0.4638791
2/28/2014,5,0.92345476
3/7/2014,5,-0.54956675
3/14/2014,5,-0.26764274
3/21/2014,5,0.3171563
3/28/2014,5,0.36478043
4/4/2014,5,0.35841465
4/11/2014,5,-0.4124403
4/17/2014,5,0.414145
4/25/2014,5,0.12128353
5/2/2014,5,0.35672188
5/9/2014,5,0.16981363
5/16/2014,5,0.33906698
5/23/2014,5,0.02412796
5/30/2014,5,0.21719933
6/6/2014,5,0.39230585
6/13/2014,5,0.24095774
6/20/2014,5,0.38461685
6/27/2014,5,-0.03591776
7/3/2014,5,0.06631613
7/11/2014,5,-0.456959
7/18/2014,5,-0.6040096
7/25/2014,5,0.0972271
8/1/2014,5,-1.7401814
8/8/2014,5,1.0429621
8/15/2014,5,1.2042284
8/22/2014,5,0.19426346
8/29/2014,5,0.26659966
9/5/2014,5,-0.58770776
9/12/2014,5,-0.8060396
9/19/2014,5,0.3201127
9/26/2014,5,-1.5954912
10/3/2014,5,0.8538604
10/10/2014,5,-1.8886685
10/17/2014,5,1.3171196
10/24/2014,5,1.0999918
10/31/2014,5,-0.1978159
11/7/2014,5,0.021958351
11/14/2014,5,-0.79640746
11/21/2014,5,0.025081635
11/28/2014,5,-0.7273555
12/5/2014,5,-0.6638646
12/12/2014,5,-3.8333774
12/19/2014,5,3.3483982
12/26/2014,5,0.15429258
1/2/2015,5,-0.2183497
1/9/2015,5,0.59462786
1/16/2015,5,-0.7196069
1/23/2015,5,0.5436182
1/30/2015,5,0.2574563
2/6/2015,5,1.215148
2/13/2015,5,0.50981045
2/20/2015,5,0.30434132
2/27/2015,5,0.5815506
3/6/2015,5,-0.9333074
3/13/2015,5,-0.38247108
3/20/2015,5,0.15357733
3/27/2015,5,0.025558472
4/2/2015,5,0.5073786
4/10/2015,5,0.6385684
4/17/2015,5,0.025379658
4/24/2015,5,0.43137074
5/1/2015,5,-0.13025999
5/8/2015,5,0.25418997
5/15/2015,5,0.025367737
5/22/2015,5,-0.17744303
5/29/2015,5,0.101566315
6/5/2015,5,-1.1036575
6/12/2015,5,-0.2835095
6/19/2015,5,0.025856495
6/26/2015,5,-0.31008124
7/2/2015,5,-0.055468082
7/10/2015,5,-0.28668642
7/17/2015,5,-0.15681386
7/24/2015,5,-1.3612568
7/31/2015,5,0.769639
8/7/2015,5,-1.1239827
8/14/2015,5,-0.48180223
8/21/2015,5,-1.2372255
8/28/2015,5,0.7352948
9/4/2015,5,0.016129017
9/11/2015,5,0.6248355
9/18/2015,5,-0.7829428
9/25/2015,5,-1.7414987
10/2/2015,5,-1.6435862
10/9/2015,5,2.7738452
10/16/2015,5,0.19278526
10/23/2015,5,0.60471296
10/30/2015,5,-0.35518408
11/6/2015,5,-0.47562718
11/13/2015,5,-1.9379854
11/20/2015,5,-0.42347908
11/27/2015,5,0.28352737
12/4/2015,5,-0.277251
12/11/2015,5,-3.9623797
12/18/2015,5,-0.29681325
12/24/2015,5,1.399231
12/31/2015,5,0.115036964
1/8/2016,5,-1.268059
1/15/2016,5,-2.2401452
1/22/2016,5,0.70272684
1/29/2016,5,0.75849295
2/5/2016,5,-2.2134006
2/12/2016,5,-0.92879534
2/19/2016,5,1.1875033
2/26/2016,5,2.1309495
3/4/2016,5,2.8104901
3/11/2016,5,1.5380025
3/18/2016,5,0.61171055
3/24/2016,5,-1.1291265
4/1/2016,5,0.5095482
4/8/2016,5,-0.002336502
4/15/2016,5,1.2326121
4/22/2016,5,1.3888836
4/29/2016,5,0.7420063
5/6/2016,5,-1.1866271
5/13/2016,5,0.28817654
5/20/2016,5,0.54599047
5/27/2016,5,0.8002281
6/3/2016,5,0.13333559
6/10/2016,5,0.4269719
6/17/2016,5,-0.9353578
6/24/2016,5,0.42916536
7/1/2016,5,1.7576218
7/8/2016,5,1.5198469
7/15/2016,5,0.1109004
7/22/2016,5,0.6923318
7/29/2016,5,-0.82508326
8/5/2016,5,0.4669547
8/12/2016,5,1.1376262
8/19/2016,5,0.2469182
8/26/2016,5,0
9/2/2016,5,0.78327656
9/9/2016,5,-1.3373315
9/16/2016,5,-0.027668476
9/23/2016,5,1.0237932
9/30/2016,5,0.57519674
10/7/2016,5,0.3974557
10/14/2016,5,-0.27262568
10/21/2016,5,0.71076155
10/28/2016,5,-1.2757897
11/4/2016,5,-1.0020614
11/11/2016,5,-1.926291
11/18/2016,5,1.3948202
11/25/2016,5,1.319468
12/2/2016,5,0.27259588
12/9/2016,5,1.2496591
12/16/2016,5,-0.46625733
12/23/2016,5,1.0195613
12/30/2016,5,-0.077813864
1/6/2017,5,0.79562664
1/13/2017,5,0.10886192
1/20/2017,5,-0.081562996
1/27/2017,5,0.6802678
2/3/2017,5,0.148952
2/10/2017,5,0.054228306
2/17/2017,5,0.16258955
2/24/2017,5,0.51407814
3/3/2017,5,0.31254292
3/10/2017,5,-2.0490646
3/17/2017,5,0.82576275
3/24/2017,5,-0.24570227
3/31/2017,5,1.0673285
4/7/2017,5,0.00423193
4/13/2017,5,-0.1632154
4/21/2017,5,0.46321154
4/28/2017,5,0.73230267
5/5/2017,5,-0.106573105
5/12/2017,5,0.43325424
5/19/2017,5,0.24266243
5/26/2017,5,0.40345192
6/2/2017,5,0.43076277
6/9/2017,5,-0.40234923
6/16/2017,5,-0.16160011
6/23/2017,5,0.080919266
6/30/2017,5,0.26954412
7/7/2017,5,-0.54192543
7/14/2017,5,0.97744465
7/21/2017,5,0.34956932
7/28/2017,5,0.24114847
8/4/2017,5,-0.07120967
8/11/2017,5,-1.2090266
8/18/2017,5,0.10877848
8/25/2017,5,0.86933374
9/1/2017,5,0.38810968
9/8/2017,5,-0.48504472
9/15/2017,5,0.64986944
9/22/2017,5,0.08071661
9/29/2017,5,0.32258034
10/6/2017,5,0.044441223
10/13/2017,5,0
10/20/2017,5,0.37654638
10/27/2017,5,-0.2411604
11/3/2017,5,-0.161767
11/10/2017,5,-0.8648634
11/17/2017,5,0.2998948
11/24/2017,5,0.5436301
12/1/2017,5,-0.19800663
12/8/2017,5,0.02720356
12/15/2017,5,-0.1632154
12/22/2017,5,0.25200844
12/29/2017,5,0.24570227
1/5/2018,5,0.84421635
1/12/2018,5,-0.45908093
1/19/2018,5,-0.10852218
1/26/2018,5,0.2715826
2/2/2018,5,-1.3258874
2/9/2018,5,-1.6266942
2/16/2018,5,1.7937183
2/23/2018,5,-0.1652062
3/2/2018,5,-0.26640296
3/9/2018,5,0.2499938
3/16/2018,5,-0.33249855
3/23/2018,5,-0.97302794
3/29/2018,5,0.6456971
4/6/2018,5,0.11140108
4/13/2018,5,1.1751533
4/20/2018,5,-0.47012568
4/27/2018,5,-0.33342838
5/4/2018,5,0.007212162
5/11/2018,5,0.28004646
5/18/2018,5,-0.41888952
5/25/2018,5,0.11217594
6/1/2018,5,-0.06494522
6/8/2018,5,0.67585707
6/15/2018,5,0.5594492
6/22/2018,5,-0.2503574
6/29/2018,5,-1.0596693
7/6/2018,5,0.6923914
7/13/2018,5,0.3655672
7/20/2018,5,0.056040287
7/27/2018,5,0.36405325
8/3/2018,5,0.53379536
8/10/2018,5,-0.16726255
8/17/2018,5,0.13961792
8/24/2018,5,0.41828156
8/31/2018,5,-0.027763844
9/7/2018,5,-0.1930654
9/14/2018,5,0.7270694
9/21/2018,5,-0.111061335
9/28/2018,5,0.19456148
10/5/2018,5,-0.90132356
10/12/2018,5,-0.14064908
10/19/2018,5,-0.3661871
10/26/2018,5,-0.79162717
11/2/2018,5,0.6235838
11/9/2018,5,0
11/16/2018,5,-1.5082419
11/23/2018,5,-0.60675144
11/30/2018,5,0.9592891
12/7/2018,5,-0.3300488
12/14/2018,5,0.2902627
12/21/2018,5,-3.4059644
12/28/2018,5,1.0241032
1/4/2019,5,1.6994596
1/11/2019,5,2.110815
1/18/2019,5,0.68905354
1/25/2019,5,-0.057023764
2/1/2019,5,0.8138776
2/8/2019,5,0.17061234
2/15/2019,5,0.7663846
2/22/2019,5,0.25353432
3/1/2019,5,0.48707724
3/8/2019,5,-0.5338669
3/15/2019,5,0.73446035
3/22/2019,5,0.14020205
3/29/2019,5,0.7280946
4/5/2019,5,0.46895742
4/12/2019,5,0.6950259
4/18/2019,5,-0.22087693
4/26/2019,5,0.30437708
5/3/2019,5,0.029742718
5/10/2019,5,-0.48017502
5/17/2019,5,-0.32482743
5/24/2019,5,-0.31657815
5/31/2019,5,-0.8499861
6/7/2019,5,1.8539786
6/14/2019,5,0.16727448
6/21/2019,5,1.298821
6/28/2019,5,-0.22895932
7/5/2019,5,0.15518665
7/12/2019,5,-0.11969209
7/19/2019,5,-0.34108162
7/26/2019,5,0.730741
8/2/2019,5,-0.46973825
8/9/2019,5,-0.2687931
8/16/2019,5,-0.11152029
8/23/2019,5,0.50240755
8/30/2019,5,0.731349
9/6/2019,5,0.46491623
9/13/2019,5,-0.06431937
9/20/2019,5,0.35858154
9/27/2019,5,-0.43060184
10/4/2019,5,-0.46237707
10/11/2019,5,0.3621459
10/18/2019,5,0.36084652
10/25/2019,5,0.35954714
11/1/2019,5,-0.12752414
11/8/2019,5,-0.03695488
11/15/2019,5,-0.00923872
11/22/2019,5,-0.24956465
11/29/2019,5,0.38917065
12/6/2019,5,0.37829876
12/13/2019,5,0.84056854
12/20/2019,5,0.5344987
12/27/2019,5,0.24707317
1/3/2020,5,0.31949282
1/10/2020,5,0.20927191
1/17/2020,5,0.03632307
1/24/2020,5,-0.78968406
1/31/2020,5,-0.23788214
2/7/2020,5,0.9431362
2/14/2020,5,0.51095486
2/21/2020,5,-0.0726223
2/28/2020,5,-2.8252184
3/6/2020,5,-0.78133345
3/13/2020,5,-6.1151085
3/20/2020,5,-13.147813
3/27/2020,5,9.565819
4/3/2020,5,-3.5845578
4/9/2020,5,12.259769
4/17/2020,5,-1.4856398
4/24/2020,5,-3.5054386
5/1/2020,5,0.8868575
5/8/2020,5,1.4851451
5/15/2020,5,-1.2906551
5/22/2020,5,3.2533765
5/29/2020,5,1.6950846
6/5/2020,5,3.0382872
6/12/2020,5,-2.2273242
6/19/2020,5,0.76260567
6/26/2020,5,-2.0376444
7/2/2020,5,1.2463212
7/10/2020,5,0.40305853
7/17/2020,5,1.5274644
7/24/2020,5,1.3212442
7/31/2020,5,0.98991394
8/7/2020,5,0.23099184
8/14/2020,5,-1.4167011
8/21/2020,5,0.718534
8/28/2020,5,0.6277919
9/4/2020,5,-0.28560162
9/11/2020,5,0
9/18/2020,5,-0.19988418
9/25/2020,5,-1.6881227
10/2/2020,5,1.4306307
10/9/2020,5,1.325655
10/16/2020,5,-0.3412962
10/23/2020,5,0.37100315
10/30/2020,5,-1.1468112
11/6/2020,5,2.1813512
11/13/2020,5,0.29209852
11/20/2020,5,0.6200671
11/27/2020,5,0.5228758
12/4/2020,5,0.9793043
12/11/2020,5,-0.20318031
12/18/2020,5,0.43644905
12/24/2020,5,0.41629076
12/31/2020,5,0.35928488
1/8/2021,5,0.07343292
1/15/2021,5,-0.30269027
1/22/2021,5,0.23001432
1/29/2021,5,-0.49568415
2/5/2021,5,1.1660337
2/12/2021,5,0.3477931
2/19/2021,5,-0.3101051
2/26/2021,5,-1.0429978
3/5/2021,5,0.40869713
3/12/2021,5,-0.17559528
3/19/2021,5,-0.4166305
3/26/2021,5,0.88323355
4/1/2021,5,0.4750967
4/9/2021,5,0.23012161
4/16/2021,5,0.10101795
4/23/2021,5,0.11008978
4/30/2021,5,0.08246899
5/6/2011,6,0.10242462
5/13/2011,6,0.047540665
5/20/2011,6,0.059378147
5/27/2011,6,0.15432835
6/3/2011,6,0.04272461
6/10/2011,6,0.071144104
6/17/2011,6,0.059235096
6/24/2011,6,0.106573105
7/1/2011,6,-0.31772256
7/8/2011,6,0.20186901
7/15/2011,6,0.07110834
7/22/2011,6,-0.07106066
7/29/2011,6,0.118517876
8/5/2011,6,0.15497208
8/12/2011,6,0.20105839
8/19/2011,6,-0.0236094
8/26/2011,6,0.011813641
9/2/2011,6,-0.01834631
9/9/2011,6,0.059080124
9/16/2011,6,-0.02362132
9/23/2011,6,-0.08267164
9/30/2011,6,-0.035458803
10/7/2011,6,-0.09602308
10/14/2011,6,0.03552437
10/21/2011,6,0.023674965
10/28/2011,6,-0.023669004
11/4/2011,6,0.13978481
11/11/2011,6,-0.047314167
11/18/2011,6,-0.011837482
11/25/2011,6,0.035500526
12/2/2011,6,0.005733967
12/9/2011,6,0.05917549
12/16/2011,6,0.011837482
12/23/2011,6,-0.05914569
12/30/2011,6,0.057566166
1/6/2012,6,-0.04733801
1/13/2012,6,0.0828743
1/20/2012,6,-0.023657084
1/27/2012,6,0.10648966
2/3/2012,6,-0.05761981
2/10/2012,6,-0.07098913
2/17/2012,6,-0.08288026
2/24/2012,6,-0.011849403
3/2/2012,6,0.053608418
3/9/2012,6,-0.059252977
3/16/2012,6,-0.07113814
3/23/2012,6,-0.011867285
3/30/2012,6,0.059342384
4/5/2012,6,0.01219511
4/13/2012,6,0.13048649
4/20/2012,6,0.03553629
4/27/2012,6,0
5/4/2012,6,0.056433678
5/11/2012,6,0
5/18/2012,6,-0.072818995
5/25/2012,6,0.03732443
6/1/2012,6,0.06854534
6/8/2012,6,-0.035518408
6/15/2012,6,-0.011849403
6/22/2012,6,-0.047385693
6/29/2012,6,-0.011843443
7/6/2012,6,0.07838011
7/13/2012,6,0.059235096
7/20/2012,6,0.0828743
7/27/2012,6,-0.07097721
8/3/2012,6,0.030708313
8/10/2012,6,-0.04735589
8/17/2012,6,-0.047379732
8/24/2012,6,0.07109642
8/31/2012,6,0.07104874
9/7/2012,6,-0.03131032
9/14/2012,6,-0.023674965
9/21/2012,6,0
9/28/2012,6,0.07104874
10/5/2012,6,-0.06889701
10/12/2012,6,0.023698807
10/19/2012,6,-0.07106066
10/26/2012,6,-0.011843443
11/2/2012,6,0.050079823
11/9/2012,6,0.047397614
11/16/2012,6,0.03553629
11/23/2012,6,-0.04736185
11/30/2012,6,0.023698807
12/7/2012,6,0.035643578
12/14/2012,6,0.011849403
12/21/2012,6,-0.059193373
12/28/2012,6,0.036525726
1/4/2013,6,-0.011837482
1/11/2013,6,0.023686886
1/18/2013,6,0
1/25/2013,6,-0.023686886
2/1/2013,6,0.012624264
2/8/2013,6,0.059235096
2/15/2013,6,-0.04735589
2/22/2013,6,0.023686886
3/1/2013,6,0.057327747
3/8/2013,6,-0.04736185
3/15/2013,6,0.023698807
3/22/2013,6,-0.011843443
3/28/2013,6,0.04737377
4/5/2013,6,0.03311634
4/12/2013,6,-0.011837482
4/19/2013,6,0.011837482
4/26/2013,6,0.023674965
5/3/2013,6,-0.015771389
5/10/2013,6,-0.011843443
5/17/2013,6,-0.011843443
5/24/2013,6,-0.023680925
5/31/2013,6,-0.059223175
6/7/2013,6,0.020217896
6/14/2013,6,0.059258938
6/21/2013,6,-0.21911263
6/28/2013,6,0.041544437
7/5/2013,6,-0.06260872
7/12/2013,6,0.08312464
7/19/2013,6,0.13052225
7/26/2013,6,0.011849403
8/2/2013,6,0.033700466
8/9/2013,6,-0.023698807
8/16/2013,6,-0.07109642
8/23/2013,6,-0.09486675
8/30/2013,6,0.059354305
9/6/2013,6,-0.13338923
9/13/2013,6,0.035643578
9/20/2013,6,0.21377802
9/27/2013,6,0.082957745
10/4/2013,6,-0.025492907
10/11/2013,6,-0.047391653
10/18/2013,6,0.07110834
10/25/2013,6,0.059223175
11/1/2013,6,-0.001114607
11/8/2013,6,0
11/15/2013,6,0.059199333
11/22/2013,6,0.04733801
11/29/2013,6,0.023651123
12/6/2013,6,-0.08981228
12/13/2013,6,-0.005912781
12/20/2013,6,-0.071030855
12/27/2013,6,-0.010931492
1/3/2014,6,0.011849403
1/10/2014,6,0.03554821
1/17/2014,6,-0.011837482
1/24/2014,6,0.0710845
1/31/2014,6,0.09471178
2/7/2014,6,0.027048588
2/14/2014,6,-0.035488605
2/21/2014,6,0.023663044
2/28/2014,6,0.023651123
3/7/2014,6,-0.12020469
3/14/2014,6,0.08289814
3/21/2014,6,-0.15383363
3/28/2014,6,0.023710728
4/4/2014,6,0.07251501
4/11/2014,6,0.11842251
4/17/2014,6,-0.07097125
4/25/2014,6,-0.011837482
5/2/2014,6,0.048565865
5/9/2014,6,0.071024895
5/16/2014,6,0.07096529
5/23/2014,6,-0.011819601
5/30/2014,6,0.059103966
6/6/2014,6,-0.067812204
6/13/2014,6,-0.08277297
6/20/2014,6,-0.035500526
6/27/2014,6,0.09471178
7/3/2014,6,-0.07708669
7/11/2014,6,0.0828743
7/18/2014,6,-0.07097721
7/25/2014,6,0.023674965
8/1/2014,6,0.10281801
8/8/2014,6,0.011825562
8/15/2014,6,0.07096529
8/22/2014,6,-0.11818409
8/29/2014,6,0.094652176
9/5/2014,6,-0.037699938
9/12/2014,6,-0.11828542
9/19/2014,6,0
9/26/2014,6,0.08289814
10/3/2014,6,0.000357628
10/10/2014,6,0.30776262
10/17/2014,6,0.10621548
10/24/2014,6,-0.011789799
10/31/2014,6,-0.14147758
11/7/2014,6,-0.001770258
11/14/2014,6,0.023627281
11/21/2014,6,0.01180172
11/28/2014,6,0.07084608
12/5/2014,6,-0.23709536
12/12/2014,6,0.1537919
12/19/2014,6,-0.23624301
12/26/2014,6,-0.06741881
1/2/2015,6,0.20148754
1/9/2015,6,0.16560555
1/16/2015,6,0.23617744
1/23/2015,6,-0.035345554
1/30/2015,6,0.1532197
2/6/2015,6,-0.37303567
2/13/2015,6,0.011813641
2/20/2015,6,0
2/27/2015,6,0.07088184
3/6/2015,6,-0.15226007
3/13/2015,6,0.106453896
3/20/2015,6,0.16542673
3/27/2015,6,0.058984756
4/2/2015,6,0.102198124
4/10/2015,6,-0.047129393
4/17/2015,6,0.10608435
4/24/2015,6,0
5/1/2015,6,-0.099784136
5/8/2015,6,0.047159195
5/15/2015,6,0.058937073
5/22/2015,6,-0.11779666
5/29/2015,6,0.09435415
6/5/2015,6,-0.19817948
6/12/2015,6,-0.00590086
6/19/2015,6,0.20079613
6/26/2015,6,-0.1296699
7/2/2015,6,0.2333045
7/10/2015,6,-0.047129393
7/17/2015,6,-0.035357475
7/24/2015,6,-0.023579597
7/31/2015,6,0.08255243
8/7/2015,6,-0.13192892
8/14/2015,6,0
8/21/2015,6,0.21249056
8/28/2015,6,-0.094240904
9/4/2015,6,0.035130978
9/11/2015,6,0.011789799
9/18/2015,6,0.09433031
9/25/2015,6,-0.023555756
10/2/2015,6,0.28259754
10/9/2015,6,-0.12930632
10/16/2015,6,0.04708767
10/23/2015,6,-0.03529191
10/30/2015,6,-0.16476512
11/6/2015,6,-0.26978254
11/13/2015,6,0.118267536
11/20/2015,6,-0.094497204
11/27/2015,6,0.023639202
12/4/2015,6,-0.03412962
12/11/2015,6,0.07097721
12/18/2015,6,-0.08274913
12/24/2015,6,-0.031775236
12/31/2015,6,-0.106567144
1/8/2016,6,0.23707151
1/15/2016,6,0.21287203
1/22/2016,6,0.01180172
1/29/2016,6,0.18879175
2/5/2016,6,0.10026693
2/12/2016,6,0.058865547
2/19/2016,6,-0.047057867
2/26/2016,6,-0.058847666
3/4/2016,6,-0.12156963
3/11/2016,6,-0.14157891
3/18/2016,6,0.2481103
3/24/2016,6,-0.05891919
4/1/2016,6,0.21299124
4/8/2016,6,0.1295209
4/15/2016,6,-0.011759996
4/22/2016,6,-0.14111996
4/29/2016,6,0.11776686
5/6/2016,6,0.06943941
5/13/2016,6,-0.011754036
5/20/2016,6,-0.1999855
5/27/2016,6,-0.023567677
6/3/2016,6,0.22466183
6/10/2016,6,0.105941296
6/17/2016,6,0.105810165
6/24/2016,6,0.07046461
7/1/2016,6,0.17650127
7/8/2016,6,-0.046896935
7/15/2016,6,-0.22284985
7/22/2016,6,0.0587821
7/29/2016,6,0.12923479
8/5/2016,6,-0.12779236
8/12/2016,6,0.047016144
8/19/2016,6,-0.08224845
8/26/2016,6,-0.129354
9/2/2016,6,0.106048584
9/9/2016,6,-0.03530383
9/16/2016,6,0.09417534
9/23/2016,6,0.011765957
9/30/2016,6,0.011765957
10/7/2016,6,-0.11912584
10/14/2016,6,-0.047123432
10/21/2016,6,0.09428263
10/28/2016,6,-0.04709959
11/4/2016,6,0.17740726
11/11/2016,6,-0.30590892
11/18/2016,6,-0.20064712
11/25/2016,6,-0.10643005
12/2/2016,6,0.09417534
12/9/2016,6,-0.011837482
12/16/2016,6,-0.23670793
12/23/2016,6,0.13113022
12/30/2016,6,0.13042688
1/6/2017,6,-0.071042776
1/13/2017,6,0.08294582
1/20/2017,6,0
1/27/2017,6,0.071036816
2/3/2017,6,-0.010663271
2/10/2017,6,0.0828743
2/17/2017,6,-0.011831522
2/24/2017,6,0.1301527
3/3/2017,6,-0.2912581
3/10/2017,6,-0.047433376
3/17/2017,6,0.10677576
3/24/2017,6,0.13036728
3/31/2017,6,0.035500526
4/7/2017,6,-0.049120188
4/13/2017,6,0.26060343
4/21/2017,6,0.059080124
4/28/2017,6,-0.08265376
5/5/2017,6,-0.080519915
5/12/2017,6,0.059187412
5/19/2017,6,0.07096529
5/26/2017,6,-0.023639202
6/2/2017,6,0.09881258
6/9/2017,6,-0.14184117
6/16/2017,6,0.04733801
6/23/2017,6,0.035500526
6/30/2017,6,-0.07097125
7/7/2017,6,-0.027287006
7/14/2017,6,0.13033152
7/21/2017,6,0.082826614
7/28/2017,6,0.011813641
8/4/2017,6,-0.022602081
8/11/2017,6,0.18935204
8/18/2017,6,-0.059062243
8/25/2017,6,0.047278404
9/1/2017,6,0.014221668
9/8/2017,6,0.11821985
9/15/2017,6,-0.16530752
9/22/2017,6,-0.13009906
9/29/2017,6,0.011837482
10/6/2017,6,-0.044333935
10/13/2017,6,0.05928278
10/20/2017,6,-0.118494034
10/27/2017,6,0.023722649
11/3/2017,6,-0.061160326
11/10/2017,6,-0.047516823
11/17/2017,6,-0.07130504
11/24/2017,6,0.023782253
12/1/2017,6,-0.049310923
12/8/2017,6,-0.011909008
12/15/2017,6,-0.023823977
12/22/2017,6,-0.07851124
12/29/2017,6,0.07160902
1/5/2018,6,-0.083482265
1/12/2018,6,-0.04774332
1/19/2018,6,-0.03582239
1/26/2018,6,-0.09557009
2/2/2018,6,-0.05238056
2/9/2018,6,0.13173819
2/16/2018,6,-0.20332336
2/23/2018,6,0.03595352
3/2/2018,6,0.055527687
3/9/2018,6,-0.047945976
3/16/2018,6,0.023984909
3/23/2018,6,0.10789633
3/29/2018,6,0.07184744
4/6/2018,6,0.029242039
4/13/2018,6,-0.14372468
4/20/2018,6,-0.13194084
4/27/2018,6,0.048041344
5/4/2018,6,-0.008285046
5/11/2018,6,-0.03606081
5/18/2018,6,0.012016296
5/25/2018,6,0.22845268
6/1/2018,6,0.0436306
6/8/2018,6,0.012016296
6/15/2018,6,-0.048029423
6/22/2018,6,0.08409023
6/29/2018,6,0.07202625
7/6/2018,6,0.03582239
7/13/2018,6,-0.024014711
7/20/2018,6,0
7/27/2018,6,-0.072067976
8/3/2018,6,0.0818491
8/10/2018,6,0.15640259
8/17/2018,6,0.03603697
8/24/2018,6,0.06004572
8/31/2018,6,0.011992455
9/7/2018,6,-0.09453893
9/14/2018,6,-0.072175264
9/21/2018,6,-0.048154593
9/28/2018,6,0.07226467
10/5/2018,6,-0.075906515
10/12/2018,6,0.07238388
10/19/2018,6,0
10/26/2018,6,0.21699667
11/2/2018,6,-0.12567043
11/9/2018,6,0.01206398
11/16/2018,6,0.27748346
11/23/2018,6,0.036096573
11/30/2018,6,0.12025833
12/7/2018,6,0.19495487
12/14/2018,6,0.042033195
12/21/2018,6,0.2445817
12/28/2018,6,0.23983717
1/4/2019,6,0.035893917
1/11/2019,6,-0.011962652
1/18/2019,6,-0.083720684
1/25/2019,6,0.0718236
2/1/2019,6,0.15815496
2/8/2019,6,0.15553236
2/15/2019,6,-0.035834312
2/22/2019,6,0.09560585
3/1/2019,6,-0.07839203
3/8/2019,6,0.2274394
3/15/2019,6,0.083601475
3/22/2019,6,0.27445555
3/29/2019,6,0.10710955
4/5/2019,6,-0.09061694
4/12/2019,6,-0.047689676
4/18/2019,6,0.059640408
4/26/2019,6,0.22648573
5/3/2019,6,-0.06378889
5/10/2019,6,0.17883778
5/17/2019,6,0.15473366
5/24/2019,6,0.09506941
5/31/2019,6,0.39178133
6/7/2019,6,0.21129847
6/14/2019,6,0.023639202
6/21/2019,6,0.17732382
6/28/2019,6,0.04720688
7/5/2019,6,-0.18170476
7/12/2019,6,0.059187412
7/19/2019,6,0.094652176
7/26/2019,6,-0.035458803
8/2/2019,6,0.3074646
8/9/2019,6,0.16533136
8/16/2019,6,0.31831264
8/23/2019,6,-0.011748076
8/30/2019,6,0
9/6/2019,6,-0.05145073
9/13/2019,6,-0.45941472
9/20/2019,6,0.18935204
9/27/2019,6,0.14173985
10/4/2019,6,0.4659176
10/11/2019,6,-0.31750202
10/18/2019,6,0.070786476
10/25/2019,6,-0.08251667
11/1/2019,6,0.16465187
11/8/2019,6,-0.18877387
11/15/2019,6,0.14184713
11/22/2019,6,0.01770258
11/29/2019,6,0.04130602
12/6/2019,6,-0.018709898
12/13/2019,6,0.059080124
12/20/2019,6,-0.004094839
12/27/2019,6,0.094640255
1/3/2020,6,0.15364885
1/10/2020,6,-0.04720688
1/17/2020,6,0.0826478
1/24/2020,6,0.11796951
1/31/2020,6,0.29456615
2/7/2020,6,-0.123518705
2/14/2020,6,0.017666817
2/21/2020,6,0.15902519
2/28/2020,6,0.82324743
3/6/2020,6,0.6939888
3/13/2020,6,0.09280443
3/20/2020,6,0.2433896
3/27/2020,6,0.1850009
4/3/2020,6,0.087714195
4/9/2020,6,0
4/17/2020,6,0.0346303
4/24/2020,6,-0.023084879
5/1/2020,6,0.04889965
5/8/2020,6,0.06928444
5/15/2020,6,0.023078918
5/22/2020,6,-0.046145916
5/29/2020,6,0.02309084
6/5/2020,6,-0.10378957
6/12/2020,6,0.057804585
6/19/2020,6,0.01155138
6/26/2020,6,0.04621744
7/2/2020,6,0.023829937
7/10/2020,6,-0.02310276
7/17/2020,6,0.04621744
7/24/2020,6,0
7/31/2020,6,0.05774498
8/7/2020,6,-0.02257824
8/14/2020,6,-0.06931424
8/21/2020,6,0.011563301
8/28/2020,6,0.023114681
9/4/2020,6,-0.02411604
9/11/2020,6,0.034701824
9/18/2020,6,0
9/25/2020,6,0.011563301
10/2/2020,6,5.96E-05
10/9/2020,6,-0.046265125
10/16/2020,6,0.023150444
10/23/2020,6,-0.034701824
10/30/2020,6,0.023138523
11/6/2020,6,-0.013184547
11/13/2020,6,-0.05787611
11/20/2020,6,0.04633665
11/27/2020,6,0.023150444
12/4/2020,6,0.003325939
12/11/2020,6,0.069475174
12/18/2020,6,-0.020855665
12/24/2020,6,6
12/31/2020,6,0.011575222
1/8/2021,6,-0.034731627
1/15/2021,6,0
1/22/2021,6,0.034737587
1/29/2021,6,0.023162365
2/5/2021,6,0.011694431
2/12/2021,6,-0.011569262
2/19/2021,6,0
2/26/2021,6,-0.05789399
3/5/2021,6,-0.043976307
3/12/2021,6,-0.011593103
3/19/2021,6,0.023186207
3/26/2021,6,0.03478527
4/1/2021,6,-0.058728456
4/9/2021,6,0.011587143
4/16/2021,6,0.023198128
4/23/2021,6,0
