date,AGG,EEM,EFA,IJR,JNK,SHY,SPY
2011-05-06,0.0048478842,-0.03500018,-0.029309810000000002,-0.030732572,0.0018467903,0.0010242462,-0.016345322
2011-05-13,0.0012187958,-0.0275646,-0.016071379,0.007926822,-0.0022102594,0.00047540665000000005,-0.0011922717
2011-05-20,0.0018727779999999999,0.00319715,-0.0021448731,-0.00894922,0.004430294,0.00059378147,-0.003207922
2011-05-27,0.0041126013,0.014446349999999998,0.005290985000000001,0.008893132,-0.0009801984,0.0015432835,-0.0007485151
2011-06-03,0.0018868446,0.002513051,0.0021381378000000003,-0.03281796,-0.01150018,0.00042724610000000003,-0.023144304999999997
2011-06-10,0.0014909506,-0.029245853,-0.029542088999999997,-0.031968594,-0.013233423,0.00071144104,-0.02162242
2011-06-17,9.202957e-05,-0.014633119000000002,-0.007948637,0.007242203,-0.0035424830000000004,0.00059235096,0.000608325
2011-06-24,0.0013033152,0.003732562,-0.0071430800000000004,0.016684294,0.001777649,0.0010657310500000001,-0.00188905
2011-07-01,-0.008607745,0.058461546999999996,0.064798594,0.05569732,0.02749133,-0.0031772256,0.056068179999999995
2011-07-08,0.006766915300000001,-0.0047757626,-0.015953898,0.013827324,0.0017377138,0.0020186900999999997,0.0035841465
2011-07-15,0.004387498,-0.026497006,-0.027578174999999996,-0.02648306,-0.005947828,0.0007110834000000001,-0.020163655
2011-07-22,-0.00037169456,0.021217345999999998,0.034376025000000004,0.01482594,0.0082273483,-0.0007106066,0.021945477
2011-07-29,0.0056717396,-0.011332631,-0.024426758,-0.048384960000000005,-0.0046982765,0.0011851787599999998,-0.039010227
2011-08-05,0.006379127500000001,-0.09615791,-0.084568205,-0.09478879,-0.041273475,0.0015497208000000001,-0.071522474
2011-08-12,0.006356478,-0.030765653,-0.015722334,-0.021160662,-0.016953707,0.0020105839,-0.016322434
2011-08-19,0.0072318316,-0.038526773,-0.051606894,-0.064059734,0.004510641,-0.00023609399999999998,-0.046393514
2011-08-26,-0.005907476,0.021169305,0.03029704,0.058763623,0.0,0.00011813641,0.047318935
2011-09-02,0.0073331594,0.025666356,0.0007739066999999999,-0.007860124000000001,0.018828868999999998,-0.0001834631,-0.0010172129
2011-09-09,0.0019099712,-0.03729552,-0.057606816,-0.013096154,-0.015135765,0.00059080124,-0.016376734
2011-09-16,-0.0029049515999999996,0.012996793,0.044102550000000004,0.05389905,0.011128783,-0.00023621320000000002,0.053709150000000004
2011-09-23,0.0035506487,-0.11472977000000001,-0.07288808000000001,-0.08114409,-0.02332288,-0.0008267164,-0.065675917
2011-09-30,-0.0010886788,-0.02187848,0.01250267,-0.0064921975,-0.028977692,-0.00035458802999999996,-0.0034348965
2011-10-07,-0.005999327,0.038324475,0.025115132,0.024256945000000002,0.005625248,-0.0009602308,0.02262485
2011-10-14,-0.0026549697,0.08644354,0.064107776,0.07888603,0.03954649,0.0003552437,0.059286118
2011-10-21,0.0043143034,-0.018565297,-0.0007674098,0.0009274483,0.02154827,0.00023674965,0.011422038
2011-10-28,0.0009139775999999999,0.09123671,0.060867906,0.06872582399999999,0.020833492,-0.00023669004000000002,0.037347794
2011-11-04,0.0070911646,-0.02853781,-0.062443438000000004,-0.018930614,-0.0040926933,0.0013978481000000002,-0.024253547
2011-11-11,-0.0019090772,-0.009832442,0.0,0.00014734268,-0.0087629557,-0.00047314167,0.009395838
2011-11-18,-0.0015484095000000001,-0.05504471,-0.046332000000000005,-0.027540565,-0.020800830000000003,-0.00011837482,-0.036957264
2011-11-25,9.119511e-05,-0.06331091999999999,-0.059716644,-0.071937027,-0.032660544,0.00035500525999999997,-0.046229243
2011-12-02,0.0006213188,0.10166216,0.09343386000000001,0.09986948999999999,0.047380447,5.733967000000001e-05,0.073233724
2011-12-09,0.002474308,-0.010057867,0.0049222708,0.014391661,0.0068584679999999995,0.0005917549,0.0095306635
2011-12-16,0.0060335399999999996,-0.046990037,-0.052997709999999996,-0.023840964,-0.0020958781000000003,0.00011837482,-0.029273093
2011-12-23,-0.0025443435,0.034967065,0.036086202,0.03900981,0.019952655,-0.0005914569000000001,0.03947699
2011-12-30,0.0046253204,-0.014161408,0.00040400030000000006,-0.011577368,0.002130866,0.0005756616600000001,-0.007041693
2012-01-06,-0.0011790991000000001,0.007511854,-0.0076720715,0.012884259,0.00052011013,-0.0004733801,0.017609596
2012-01-13,0.0039048195,0.027861357,0.009155631,0.018791556,0.0033791065,0.000828743,0.0088481903
2012-01-20,-0.00515604,0.053194165,0.04697585,0.025397181999999997,0.009326458,-0.00023657083999999997,0.020956159
2012-01-27,0.0050917864,0.023682952,0.010783792,0.013975382000000001,0.012833714000000001,0.0010648966,0.0021287203
2012-02-03,0.0026682614999999996,0.03588295,0.026957512000000003,0.042985797000000006,0.0062235594,-0.0005761981,0.020634055
2012-02-10,-0.0013566613,-0.02199179,-0.011779964,-0.022504270000000003,-0.0005064606700000001,-0.0007098912999999999,-0.0013304948999999999
2012-02-17,-0.0006340742000000001,0.023651361,0.023465395,0.01914072,-0.0005066991,-0.0008288026,0.015250087
2012-02-24,0.0023564099999999998,0.005918503,0.011555432999999999,-0.0040714145,0.012927651,-0.00011849403,0.0038119555
2012-03-02,0.001597166,0.010183333999999999,-0.006890297,-0.028352916000000002,0.0008949041000000001,0.00053608418,0.0027897358
2012-03-09,-0.0028054118,-0.019041181,-0.0074858665000000005,0.015336514,-0.0042755604000000004,-0.00059252977,0.0018789768000000001
2012-03-16,-0.008258521599999999,0.0068508387,0.021155238,0.018580437,-0.00050526857,-0.0007113814,0.024306774
2012-03-23,0.0038433075,-0.026990235,-0.013150752000000002,-0.00013118981999999998,-0.00404346,-0.00011867285,-0.0046330094
2012-03-30,0.0013673306,0.00104892254,0.0020080805,0.0045181513,-0.0010149479,0.0005934238399999999,0.008306503
2012-04-05,0.00021147728,-0.0047734976,-0.034068108,-0.012973368,-0.0040174126999999995,0.0001219511,-0.007243812
2012-04-13,0.0066587925,-0.013570487,-0.013202608,-0.02283591,0.00256598,0.0013048649,-0.018956959
2012-04-20,0.00108742714,0.003913641,0.021597862000000002,0.007744551,0.00563097,0.0003553629,0.005906343499999999
2012-04-27,0.0014481543999999998,-0.0003544092,0.011412500999999999,0.025616884,0.008144617,0.0,0.017687559
2012-05-04,0.0023536682000000002,-0.022453368,-0.033111392999999996,-0.034836352,0.0059148073,0.00056433678,-0.024147034
2012-05-11,0.0010843277,-0.033728242,-0.021235883,-0.0017706156000000001,-0.00121217966,0.0,-0.010145962
2012-05-18,0.0018954277,-0.06693357500000001,-0.05961686,-0.047891974,-0.033628225,-0.00072818995,-0.043285847
2012-05-25,-0.0007207394,-0.0037543178,-0.000207901,0.018916607000000002,0.004447937,0.0003732443,0.018190265
2012-06-01,0.008279681,-0.012382329000000001,-0.032224536,-0.035583675,-0.014669478,0.0006854534,-0.029825926
2012-06-08,-0.0062723755999999995,0.033796668,0.042105199999999995,0.038063288,0.02048421,-0.00035518408000000004,0.038545609
2012-06-15,0.0043281317000000005,0.027946234,0.020408154,-0.0026693344000000003,0.0083419085,-0.00011849403,0.012984514
2012-06-22,-0.0030525923,-0.018764913,0.0017998219,0.0032525062999999997,0.009048581,-0.00047385693,-0.005069255999999999
2012-06-29,0.0023415089,0.035591364,0.031378984,0.032699108,0.011017084,-0.00011843443,0.019818544
2012-07-06,0.00452137,-0.009326637,-0.010408342,0.0090078115,0.004704833,0.0007838011,-0.004518509
2012-07-13,0.0044810772,-0.007351041,-0.0018203854999999998,-0.0045989752,0.002030015,0.00059235096,0.001918912
2012-07-20,0.0030335188,0.002598405,-0.004153967,-0.006250858299999999,0.003038764,0.000828743,0.0053038600000000005
2012-07-27,-0.0011563301,0.02436185,0.024926186000000003,0.00546968,0.005301595,-0.0007097721,0.016157389
2012-08-03,-0.00071161985,0.010246634,0.012308955,-0.0050318839999999995,0.006017923400000001,0.00030708313,0.0048602820000000005
2012-08-10,-0.0010714531,0.020035028,0.017258286,0.016812444,-0.0020085573,-0.0004735589,0.010699749000000001
2012-08-17,-0.0057209133999999995,-0.0063834786,0.008289933000000001,0.020029545,0.0,-0.00047379732,0.009514332
2012-08-24,0.0053043364999999995,-0.010378122,-0.0038241148000000003,-0.010411203,0.006037712,0.0007109642,-0.0047123432
2012-08-31,0.0049186945,-0.019225955,-0.009596944,0.0058596134,0.0037509203,0.0007104874,-0.0024732351
2012-09-07,-0.0023268461,0.034623265,0.032170534,0.035482645,0.006545663,-0.00031310320000000003,0.022456765
2012-09-14,-0.0046473742,0.042568919999999996,0.03548634,0.024677156999999998,0.014683962,-0.00023674965,0.020162106
2012-09-21,0.005207777,-0.014042914,-0.010970116,-0.015348077,-0.006131947,0.0,-0.004010856199999999
2012-09-28,0.0044484138,-0.01077199,-0.028325200000000002,-0.020747423,-0.007650614,0.0007104874,-0.013025284
2012-10-05,-0.0033886433,0.015123963,0.02150941,0.0055793524,0.005268931399999999,-0.0006889700999999999,0.015072584
2012-10-12,0.0041122437000000005,-0.016209781,-0.017916559999999998,-0.02593553,0.0012438297,0.00023698806999999998,-0.02223897
2012-10-19,-0.0032941700000000003,0.005573034,0.018243432,0.0010597706,0.0042136908,-0.0007106066,0.0034964085
2012-10-26,0.0007146597,-0.006987989,-0.009604752,-0.008998275,-0.0034538507000000003,-0.00011843443,-0.014224172
2012-11-02,0.0007321834600000001,0.009463668,0.0012122393,0.0061423779999999996,0.0040894747,0.0005007982300000001,0.0014855862
2012-11-09,0.0018825531000000002,-0.014423013,-0.016485095,-0.020039856,-0.007210433499999999,0.00047397613999999996,-0.02401805
2012-11-16,0.0011599064,-0.014390229999999999,-0.013446927,-0.023293495,-0.0047582388,0.0003553629,-0.012956083
2012-11-23,-0.002227962,0.030190587,0.047034025,0.03840816,0.012078524,-0.0004736185,0.036518335
2012-11-30,0.0025901794,0.0037232637000000003,0.009717583699999999,0.018827677,0.0084534883,0.00023698806999999998,0.0056949854
2012-12-07,0.0006811618999999999,0.02393198,0.0077174900000000005,-0.0005242824599999999,0.0069668293000000004,0.00035643578,0.0018289089
2012-12-14,-0.0027763247000000004,0.013906716999999999,0.010469437,0.00039339066,0.003446579,0.00011849403,-0.0021759868
2012-12-21,-0.0020655394,0.0033961535,0.018609047,0.030997157,0.0029439926,-0.00059193373,0.012010336
2012-12-28,0.003512144,0.010383367999999999,-0.0088480115,-0.018191099,-0.0028163195,0.00036525726,-0.019329071
2013-01-04,-0.004403293,0.029519438999999998,0.02606678,0.05414927,0.010850786999999999,-0.00011837482,0.045276046
2013-01-11,0.0005415678,-0.011558115,0.009918213,-0.00123775005,0.005367159999999999,0.00023686886,0.0047824383
2013-01-18,0.0007216930400000001,0.006858587,0.0018953085,0.016606688,0.0029120445,0.0,0.008567333
2013-01-25,-0.003245294,-0.013735354,0.015133262000000001,0.016823173,0.0007258654,-0.00023686886,0.012944101999999999
2013-02-01,-0.0037853718,0.0078125,0.0071150064,0.0019181967,-0.01033932,0.00012624264,0.006589055
2013-02-08,0.0030925274000000004,-0.014717518999999998,-0.015475214,0.0063419340000000005,-0.006630719,0.00059235096,0.0037027597
2013-02-15,-0.0002720356,0.0031927824,-0.0017085075,0.0082045794,0.0051915646,-0.0004735589,0.0020421743
2013-02-22,0.0005441904,-0.016140103,0.0010268687999999998,-0.0070762634,0.0041811466,0.00023686886,-0.0014463066999999999
2013-03-01,0.0050719976,0.000693202,-0.006667852399999999,-0.00023758411,0.00525403,0.0005732774699999999,0.0014483929
2013-03-08,-0.0075908303,0.018933296,0.021945000000000003,0.026969314,0.0015918015999999999,-0.0004736185,0.02189207
2013-03-15,0.0035512447,-0.030818045000000002,0.00835371,0.011800051,0.0044994354,0.00023698806999999998,0.0069719553
2013-03-22,0.001814723,-0.018938541,-0.008534968,-0.00640291,-0.0009493828,-0.00011843443,-0.0014759302
2013-03-28,0.0028983355,0.019304156,-0.006401658,0.0044645069999999995,0.0017057657000000002,0.00047373770000000003,0.006876588
2013-04-05,0.006595254,-0.027121781999999997,-0.0035605429999999998,-0.024350939999999998,-5.39422e-05,0.0003311634,-0.009650826500000001
2013-04-12,0.0,0.006368637,0.027905345,0.017188549,0.0078240633,-0.00011837482,0.023472786000000002
2013-04-19,0.00035977363999999996,-0.005611956,-0.021685183,-0.029976904000000002,-0.0026686191999999997,0.00011837482,-0.020906866000000003
2013-04-26,0.0022473335,0.014409304000000001,0.033504248,0.024579525,0.009973049000000001,0.00023674965,0.017751575
2013-05-03,-0.0026768446,0.030303001,0.024065137,0.023174524000000002,0.010404468,-0.00015771389,0.019767404
2013-05-10,-0.0045949816999999995,0.0011488199,0.0022381544,0.025039791999999998,-0.0023956895,-0.00011843443,0.012654305
2013-05-17,-0.0015388131,-0.0034427643,0.00574255,0.022096395,-0.0019212365000000002,-0.00011843443,0.021602154
2013-05-24,-0.0038980842,-0.026600600000000002,-0.025376678,-0.012927771,-0.007459103999999999,-0.00023680925,-0.009775996
2013-05-31,-0.007007599,-0.025316477,-0.022457302000000002,-0.0019810796,-0.016242384999999998,-0.0005922317500000001,-0.011269808
2013-06-07,-0.0027933717,-0.012258768,0.0038288832,0.004741907,-0.0033893585,0.00020217896,0.0082901716
2013-06-14,0.001565218,-0.033914924,-0.0082919,-0.004500091,-0.00049698353,0.0005925893799999999,-0.009860456
2013-06-21,-0.019948483,-0.048333826,-0.03110367,-0.013891876000000001,-0.02685237,-0.0021911263,-0.020014584000000002
2013-06-28,0.00562799,0.042304277,0.008828163,0.012721181,0.0089422464,0.00041544437,0.008486747999999999
2013-07-05,-0.010935783,-0.03012985,0.0094240904,0.03299749,-0.0074927807,-0.0006260872000000001,0.016207457
2013-07-12,0.00916481,0.04284942,0.034059525,0.027548552,0.029494761999999997,0.0008312464,0.02754259
2013-07-19,0.0066473484,0.008603096,0.014378786,0.011892319,0.01420021,0.0013052225000000001,0.009909867999999999
2013-07-26,-0.0024181008,0.014131188,0.0021427869999999997,-0.002371192,-0.007860422,0.00011849403,-0.00035464764
2013-08-02,-0.0019154549000000001,-0.0030128956,0.014309168,0.011470556,-0.0040351748,0.00033700466,0.01088047
2013-08-09,0.0028077364,-0.008813858,0.0027565956000000003,-0.007253766,-0.0049961805,-0.00023698806999999998,-0.009593427
2013-08-16,-0.012319148,-0.0015244484,-0.0024093986,-0.018832982,-0.010293841,-0.0007109642,-0.020554006
2013-08-23,0.00066149235,-0.016539395,-0.0019614100000000002,0.015313745,0.0058345795,-0.0009486675,0.0047638416
2013-08-30,0.0029273032999999997,-0.016300142,-0.038980067,-0.026342987999999998,0.0005043745,0.00059354305,-0.017825007
2013-09-06,-0.0068904759999999995,0.051420209999999994,0.033124924,0.014217496000000001,-0.002385974,-0.0013338923,0.01460433
2013-09-13,0.0038944483,0.029518485,0.02780962,0.025107265,0.005613327,0.00035643578,0.01981461
2013-09-20,0.010218501,0.022354603,0.022839427,0.015715957,0.011593580000000001,0.0021377802000000002,0.013157487
2013-09-27,0.0048702955,-0.019964337000000002,-7.778406e-05,0.0025805234999999997,-0.0034956336,0.00082957745,-0.010608017
2013-10-04,-0.0003657341,0.02121985,-0.006380379,0.0038175583,0.0055589676,-0.00025492907,-0.00011247396999999999
2013-10-11,9.346008e-05,0.016979337,0.009240508,0.011809468,0.0037566423,-0.00047391653,0.008111715299999999
2013-10-18,0.006444454,0.011301756000000001,0.025449991,0.028288841,0.011476994,0.0007110834000000001,0.024245262
2013-10-25,0.0023199320000000002,-0.013022661,0.005674958,0.006252408,0.0032067299999999997,0.0005922317500000001,0.0089570284
2013-11-01,-0.00342381,-0.0063165426,-0.013467848,-0.015964031,-0.00104635954,-1.1146070000000001e-05,0.0014777184
2013-11-08,-0.0058631897,-0.030982911999999998,-0.0051860212999999995,0.010005832,0.0,0.0,0.0061290264
2013-11-15,0.005055189,0.026385427,0.014704108,0.013465405,0.002448678,0.00059199333,0.01556778
2013-11-22,-0.0011177659,-0.004615903,-0.00043821335,0.01100874,0.0012584925,0.0004733801,0.0042209625
2013-11-29,0.0018650293000000001,0.007134318400000001,0.0013605356,0.013798952,0.004189253,0.00023651123,0.0010508299
2013-12-06,-0.005653620000000001,-0.009681225,-0.013134003,-0.01046294,-0.0016847253,-0.0008981228,-0.00033146143000000003
2013-12-13,0.00018763542000000002,-0.023605108,-0.019886851,-0.019275784,0.00024712086,-5.912781e-05,-0.015640557
2013-12-20,0.001969099,-0.0025451780000000004,0.024219036,0.03139019,0.002963662,-0.0007103085500000001,0.024873734
2013-12-27,-0.002056539,0.020256877000000003,0.023052096,0.012767673,0.0021498203,-0.00010931491999999999,0.012585402
2014-01-03,0.00103354454,-0.028571426999999996,-0.0088627934,-0.0076055527000000005,0.001481533,0.00011849403,-0.005221844
2014-01-10,0.005256176,0.0037388802,0.012579441,0.00036931037999999997,0.0056705475,0.0003554821,0.006862283
2014-01-17,0.00140059,-0.011919557999999999,0.0,0.0,0.003677249,-0.00011837482,-0.002742529
2014-01-24,0.003076911,-0.038954496,-0.029336929999999997,-0.018829525,-0.0085489154,0.000710845,-0.02583927
2014-01-31,0.0045547485,-0.0013076067,-0.019120991,-0.011382937,0.44,0.0009471178,-0.003968954
2014-02-07,-0.00040990114,0.014139891,0.023738383999999998,-0.013512194,0.003391266,0.00027048588,0.008418441
2014-02-14,-0.00046378374,0.024012446,0.021038055,0.027105331,0.005646944,-0.00035488605,0.024154067
2014-02-21,0.0002784729,-0.0057992935,0.0072191954000000004,0.011081934,0.004638791,0.00023663044000000002,-0.00070649385
2014-02-28,0.0043598413,0.0012680292000000002,0.0080633163,0.019134283000000002,0.0092345476,0.00023651123,0.013051271
2014-03-07,-0.005541384,0.00101315975,0.002221942,0.021873832000000003,-0.0054956675,-0.0012020469,0.010574937
2014-03-14,0.0042802095,-0.028340042,-0.037540673999999996,-0.01730293,-0.0026764274,0.0008289813999999999,-0.019122422
2014-03-21,-0.0031502247,0.015104055,0.00061428547,0.012071133000000001,0.003171563,-0.0015383363,0.012805223
2014-03-28,0.0028814076999999997,0.04515147,0.02608955,-0.02679497,0.0036478043,0.00023710728,-0.003813088
2014-04-04,0.0007870196999999999,0.013745666,0.0074783564,0.007115841,0.0035841465,0.0007251501000000001,0.00490582
2014-04-11,0.006030798,0.012832999000000001,-0.016330123000000002,-0.03165722,-0.004124403,0.0011842251,-0.026233911999999998
2014-04-17,-0.0022134185,0.0043030976999999995,0.019166827,0.022458076,0.00414145,-0.0007097125,0.026885629
2014-04-25,0.0018485785,-0.028326570000000002,-0.0019250512,-0.011028767,0.0012128353,-0.00011837482,-0.000536561
2014-05-02,0.004505515,0.01935327,0.014836788,0.0038422346,0.0035672188,0.00048565865,0.009501338
2014-05-09,9.202957e-05,0.00024032593000000002,-0.0026316047,-0.014376402,0.0016981363,0.00071024895,-0.00053167343
2014-05-16,0.0046921967999999994,0.031715512,0.0039577484,-0.005682885600000001,0.0033906698,0.0007096529,0.00047886369999999997
2014-05-23,0.00027477741,0.0046576262,0.003358245,0.017812848,0.0002412796,-0.00011819601,0.012230754
2014-05-30,0.004028201,-0.013676405,0.01004076,0.004211545,0.0021719932999999998,0.00059103966,0.012240529
2014-06-06,-0.005315602,0.023736834999999998,0.011669754999999999,0.0285182,0.0039230585,-0.00067812204,0.013986944999999999
2014-06-13,0.0,0.00114786625,-0.00712049,-0.0053461789999999995,0.0024095774,-0.0008277297,-0.0063723326
2014-06-20,0.00055110455,-0.00114649534,0.011904836,0.018128872,0.0038461685000000002,-0.00035500525999999997,0.014148712
2014-06-27,0.004130721,0.002998829,-0.007991612,0.0022250414,-0.0003591776,0.0009471178,-0.0006123781200000001
2014-07-03,-0.005251169,0.018685102,0.013321638,0.017279983000000002,0.0006631613,-0.0007708669,0.012153983
2014-07-11,0.0049715042,-0.006114125000000001,-0.025281726999999997,-0.036613286,-0.00456959,0.000828743,-0.008022188999999999
2014-07-18,0.00054967403,0.0061517954,0.0060766935,-0.0046592355,-0.006040096,-0.0007097721,0.005594373000000001
2014-07-25,0.0010071993,0.014039874,0.0010312796,-0.0055071115,0.0009722709999999999,0.00023674965,5.1140789999999996e-05
2014-08-01,9.155273e-05,-0.016078532,-0.02678442,-0.025103867000000002,-0.017401814,0.0010281801,-0.026400983
2014-08-08,0.0021989346000000002,-0.0079437494,-0.012853444,0.014011145000000001,0.010429621,0.00011825562,0.003844142
2014-08-15,0.004662633,0.018302441,0.013020754,0.008589268,0.012042284,0.0007096529,0.012833714000000001
2014-08-22,-0.0030030012,0.0053920745999999995,0.0051414967,0.015736461,0.0019426346,-0.0011818409,0.017729402000000002
2014-08-29,0.0038335323,0.006927371,0.003610611,0.005741357999999999,0.0026659966,0.0009465217600000001,0.007630944
2014-09-05,-0.0037765503,0.01753211,0.0043472052,0.0016310215,-0.0058770776,-0.00037699938000000004,0.0019929409
2014-09-12,-0.006766081,-0.04492908500000001,-0.014626920000000002,-0.010493994,-0.008060396,-0.0011828542,-0.0098453164
2014-09-19,0.00046026707,-0.007535994000000001,-0.000757277,-0.01069665,0.003201127,0.0,0.01260078
2014-09-26,0.0034965277,-0.023930073,-0.018190145,-0.021601737,-0.015954912,0.0008289813999999999,-0.013951182
2014-10-03,0.0039337873,-0.026874125000000002,-0.032267988,-0.010231078,0.008538604,3.5762800000000003e-06,-0.006973147400000001
2014-10-10,0.006312847,-0.018653094999999998,-0.036694288,-0.039529145,-0.018886685,0.0030776262,-0.030429542
2014-10-17,0.0048185587,0.005183935,0.004306078,0.022421479999999997,0.013171196000000001,0.0010621548,-0.01086384
2014-10-24,-0.0022620559,0.0073673725,0.026220322,0.033528327999999996,0.010999918,-0.00011789799,0.04223478
2014-10-31,-0.0017229915,0.027547598,0.02763939,0.051584363,-0.0019781589999999997,-0.0014147758,0.026625276000000003
2014-11-07,0.00019955635,-0.022064089999999998,-0.017200947,0.0007174015000000001,0.00021958351,-1.770258e-05,0.008330822
2014-11-14,-0.00045496225000000003,0.005337119,0.0081145763,0.00089621544,-0.0079640746,0.00023627281,0.0044261217000000005
2014-11-21,0.00036406517,0.024131298000000002,0.006628752,-0.0034918189999999997,0.00025081635,0.0001180172,0.011946677999999999
2014-11-28,0.006460428000000001,-0.022148907000000002,0.0032925606,0.0,-0.007273555,0.0007084608,0.0025160313000000003
2014-12-05,-0.006400645,-0.014939725,-0.00046885014,0.0088050365,-0.006638646000000001,-0.0023709536,0.0038610696999999998
2014-12-12,0.008575082000000001,-0.062133073999999996,-0.04659164,-0.027075171,-0.038333774,0.001537919,-0.034182668
2014-12-19,-0.0025325418,0.026995897,0.021403431999999997,0.031581879,0.033483982,-0.0023624301,0.033674717
2014-12-26,-0.0015474558,0.01493299,0.0087519884,0.022072196000000002,0.0015429258000000002,-0.0006741881,0.009296894
2015-01-02,0.006287575,-0.016489029,-0.026670932999999997,-0.013075292,-0.002183497,0.0020148754,-0.014440656000000001
2015-01-09,0.005433321,0.012896537999999999,-0.015516698,-0.014220119,0.0059462786,0.0016560555,-0.005744040000000001
2015-01-16,0.004233122000000001,0.0056022406,0.019282341,-0.0039423108,-0.007196069,0.0023617743999999998,-0.012827396
2015-01-23,0.0018833876,0.032159925,0.009376526,0.009804845,0.005436182,-0.00035345554000000003,0.016564965
2015-01-30,0.005997658,-0.042688847,-0.0022816062,-0.020399094,0.002574563,0.001532197,-0.02693081
2015-02-06,-0.010178566,0.02050233,0.020908237,0.040465593,0.01215148,-0.0037303567,0.030584096999999998
2015-02-13,-0.002701223,0.021345972999999997,0.021119952,0.012671828000000001,0.005098104500000001,0.00011813641,0.020578861
2015-02-20,-0.0018959641,0.0,0.018959522,0.0040570498,0.0030434132,0.0,0.0069549084
2015-02-27,0.0058796406,0.001721263,0.0010764599,0.0020629168,0.005815506000000001,0.0007088184,-0.0027409196000000003
2015-03-06,-0.011819482,-0.036328018000000004,-0.019815624,-0.016984046,-0.009333074,-0.0015226007,-0.015000462999999999
2015-03-13,0.005834102599999999,-0.024452329000000002,-0.011283517,0.014921427000000001,-0.0038247108,0.0010645389600000001,-0.008061707
2015-03-20,0.008881688,0.046475289999999995,0.040735482999999996,0.02742672,0.0015357733000000001,0.0016542673,0.026787639
2015-03-27,-0.0011677742,-0.015469134,-0.007919669,-0.016816974,0.00025558472,0.00058984756,-0.022194743
2015-04-02,0.004053712,0.045109034,0.0007675886,0.009908676,0.005073786,0.00102198124,0.0033780336
2015-04-10,-0.0016153455,0.039767146,0.01641357,0.0028756857,0.006385684,-0.00047129393,0.017463088
2015-04-17,0.003775239,-0.0041977763,-0.0043767095,-0.01155436,0.00025379658,0.0010608434999999999,-0.009950459
2015-04-24,-0.0015223026,0.026815057000000003,0.02167654,0.014590502,0.0043137074,0.0,0.017792225
2015-05-01,-0.0085555315,-0.016079426,-0.0022255182,-0.024472296,-0.0013025998999999999,-0.00099784136,-0.0043935776
2015-05-08,-0.0004531145,-0.006258726,0.0060967207,0.0046551228,0.0025418997,0.00047159195,0.0042710304
2015-05-15,-0.0008160472,0.006531477,0.011232495,0.0073794127,0.00025367737,0.00058937073,0.003874898
2015-05-22,-0.0037204622999999996,-0.009501754999999999,-0.006430805,0.0043441057,-0.0017744303000000001,-0.0011779666,0.0025889874
2015-05-29,0.0034611225000000002,-0.037903666,-0.019711733,-0.0078026056,0.00101566315,0.0009435415,-0.008685887
2015-06-05,-0.012831569000000001,-0.024562240000000003,-0.01515609,0.01410377,-0.011036575,-0.0019817948,-0.0064885616000000005
2015-06-12,0.00027632713,0.0032410622,0.008684993,0.005815983,-0.002835095,-5.90086e-05,0.0011440515499999998
2015-06-19,0.0058021545,-0.0044731497999999995,-0.0021147728,0.013994813,0.00025856495,0.0020079613,0.008714199
2015-06-26,-0.009156644299999999,0.004274845,0.011978388,-0.0014191866,-0.0031008124,-0.0012966990000000001,-0.0046961308
2015-07-02,0.004125595,-0.0037565827000000003,-0.026772082,-0.023159325,-0.00055468082,0.002333045,-0.011962652
2015-07-10,-0.00055336952,-0.033685267,0.005001664,0.002294302,-0.0028668642,-0.00047129393,0.0008200407
2015-07-17,0.0037829876,0.008324623,0.015707493,0.00610435,-0.0015681386,-0.00035357475,0.024098753999999997
2015-07-24,0.0030333996,-0.0438596,-0.021742404,-0.03025192,-0.013612568,-0.00023579597000000002,-0.021084309000000002
2015-07-31,0.0034823418,0.0016189814,0.013930202000000001,0.015815139,0.00769639,0.0008255243,0.012019277
2015-08-07,-0.0007958411999999999,-0.022090494999999998,-0.0026242137,-0.014970064,-0.011239827,-0.0013192892,-0.012114047999999999
2015-08-14,-0.001190424,-0.02121216,-0.0094412565,0.0080764294,-0.0048180223,0.0,0.0070689917
2015-08-21,0.0063261986,-0.078243732,-0.06375003,-0.04186767599999999,-0.012372255,0.0021249056,-0.056298313
2015-08-28,-0.006924212,0.03145039,0.008344412,-0.0027872324,0.007352948000000001,-0.00094240904,0.008348942
2015-09-04,0.004517316800000001,-0.048549414000000006,-0.046507716,-0.021098197,0.00016129017,0.00035130978,-0.033570886
2015-09-11,-0.0019218326,0.04107034,0.031765342,0.015565991,0.006248355,0.00011789799,0.02154839
2015-09-18,0.0020172596,0.011058091999999999,-0.010430694,0.0016324520000000002,-0.007829428000000001,0.0009433031,-0.0013041495999999999
2015-09-25,-0.0015556216,-0.042270184,-0.023121417000000002,-0.012967348,-0.017414987,-0.00023555756,-0.013302564999999999
2015-10-02,0.008111715299999999,0.04444444,0.017751455,-0.011873007,-0.016435862000000002,0.0028259754,0.011148572
2015-10-09,-0.0041897893,0.06205666,0.043946624,0.05169523,0.027738451999999997,-0.0012930632,0.032461524
2015-10-16,0.0040245056000000005,0.0086255074,0.003439784,-0.0034541487999999996,0.0019278526,0.0004708767,0.009635925
2015-10-23,-0.0001821518,0.0011035204,0.013059138999999999,0.007732034,0.006047129599999999,-0.0003529191,0.020858884
2015-10-30,-0.0027335285999999996,-0.039129317000000004,-0.015307784,-0.0029984713,-0.0035518408,-0.0016476511999999998,0.0020239353
2015-11-06,-0.009003042999999999,0.012331486000000001,-0.0027819275999999998,0.02919054,-0.0047562718,-0.0026978254,0.010147691
2015-11-13,0.0027713776,-0.049858330000000006,-0.027075768,-0.045036497,-0.019379854000000002,0.00118267536,-0.035707474
2015-11-20,0.00064480305,0.047107816,0.027491927,0.028890251999999998,-0.0042347908,-0.00094497204,0.033429503
2015-11-27,0.0013809204,-0.033599079000000004,-0.0036112666,0.019856572,0.0028352737,0.00023639202,0.0011905432000000001
2015-12-04,-0.0014721750999999999,-0.0017677546,0.0023064613,-0.011579037,-0.00277251,-0.0003412962,0.00028634071
2015-12-11,0.004157424,-0.06877219700000001,-0.04388565,-0.048681020000000005,-0.039623797,0.0007097721,-0.036923885
2015-12-18,-0.0028522015,0.03486538,0.0030944347,-0.0059289930000000005,-0.0029681325,-0.0008274913000000001,-0.0032081008
2015-12-24,-0.0013623834000000001,0.02605927,0.027221322,0.032286406,0.013992309999999999,-0.00031775236,0.028293014
2015-12-31,0.0,-0.02454549,-0.011946797,-0.016874969,0.00115036964,-0.00106567144,-0.008800089399999999
2016-01-08,0.006017923400000001,-0.08325564999999999,-0.064543605,-0.072109756,-0.01268059,0.0023707151000000003,-0.058601020000000004
2016-01-15,0.0024847984,-0.035750628,-0.030402362,-0.023000896000000003,-0.022401452000000002,0.0021287203,-0.021430492000000002
2016-01-22,-0.0008262396,0.030750275,0.022906542000000002,0.010017990999999999,0.0070272684,0.0001180172,0.014429569
2016-01-29,0.0046857595,0.042277575,0.01835537,0.024895906000000002,0.0075849295,0.0018879175,0.016800284000000002
2016-02-05,0.0018107891000000002,-0.018318594,-0.030100882000000002,-0.038033485,-0.022134005999999998,0.0010026693,-0.02978927
2016-02-12,0.0041162968,-0.022992373,-0.028433442000000003,-0.012072504,-0.0092879534,0.00058865547,-0.0070230959999999995
2016-02-19,0.000182271,0.031377912,0.031369567,0.036863565,0.011875033,-0.00047057867,0.028773426999999997
2016-02-26,0.0015484095000000001,-0.005952418,0.00055646896,0.029169083,0.021309494999999998,-0.00058847666,0.016089559
2016-03-04,-0.0032692552,0.09181642999999999,0.044670940000000006,0.041320800000000005,0.028104901,-0.0012156963,0.027376175
2016-03-11,0.0003657341,0.009750128,0.017033339,0.007881283999999999,0.015380024999999999,-0.0014157891,0.011625050999999999
2016-03-18,0.006854295999999999,0.026810527,0.003140211,0.015184522,0.0061171055,0.002481103,0.013166308
2016-03-24,-0.0005446076400000001,-0.019645274,-0.02000004,-0.018455625,-0.011291265,-0.0005891919000000001,-0.0061650276
2016-04-01,0.0056446790000000005,0.023681044999999998,0.0035492182,0.033800483,0.005095482,0.0021299124,0.01870811
2016-04-08,0.003348112,-0.022547603,-0.0015915036,-0.022417128,-2.336502e-05,0.0012952089999999999,-0.011699139999999998
2016-04-15,0.0006313323999999999,0.035650015,0.032589436,0.029910207,0.012326121,-0.00011759996,0.016043067
2016-04-22,-0.0038756132,-0.000867784,0.021269320999999997,0.013552785000000001,0.013888836,-0.0014111996,0.005727172
2016-04-29,0.0033478736999999997,-0.004342854,-0.018642962,-0.010853528999999999,0.007420063,0.0011776686,-0.012629569
2016-05-06,0.0025718212000000002,-0.04536194,-0.017970204,-0.009304762,-0.011866271,0.0006943940999999999,-0.0029602647
2016-05-13,0.0020725726999999998,-0.017057598,-0.007145345,-0.015505910000000001,0.0028817654,-0.00011754036,-0.0046665668
2016-05-20,-0.005935192000000001,-0.0018593669,0.005968094,0.00684011,0.0054599047000000005,-0.001999855,0.0035651922
2016-05-27,0.00081419945,0.027010322000000003,0.023556113,0.032716512999999996,0.008002281,-0.00023567677,0.023115516
2016-06-03,0.008028269,0.02418375,0.0008523464000000001,0.0089154243,0.0013333559000000001,0.0022466183000000002,0.00019025803
2016-06-10,0.0019766092,-0.010330617,-0.026571214,0.0053191185,0.004269719,0.00105941296,-0.0009986162
2016-06-17,0.0024211407,-0.0077542067,-0.012073517,-0.016129017000000002,-0.009353578,0.0010581016499999999,-0.01176542
2016-06-24,0.0006262064000000001,-0.010941385999999999,-0.028784573,-0.012774764999999999,0.0042916536,0.0007046461,-0.016414881
2016-07-01,0.008961916,0.06280637,0.0402534,0.025735974000000002,0.017576217999999998,0.0017650126999999999,0.033430814999999996
2016-07-08,0.0053262710000000005,-0.005477071,-0.010211408,0.018473983,0.015198469,-0.00046896935,0.013001084000000001
2016-07-15,-0.008741677,0.03449273,0.030950189,0.025816202,0.001109004,-0.0022284985,0.014954209000000001
2016-07-22,0.0024050474,0.007845402,0.0014045237999999998,0.0015625954,0.006923318,0.000587821,0.006532907500000001
2016-07-29,0.0043543577,0.006533265,0.017443895,0.0018886328,-0.0082508326,0.0012923479,-0.0005524158500000001
2016-08-05,-0.005691886,0.011462449999999999,-0.0047385693,0.0049176216,0.004669547,-0.0012779236,0.0048820972
2016-08-12,0.0041009188000000005,0.023484468,0.018178701,-0.0030992627,0.011376262,0.00047016144,0.0012834072
2016-08-19,-0.0013317466,0.003201723,-0.00034010409999999996,0.0061359406000000005,0.002469182,-0.0008224845,0.00036609173000000004
2016-08-26,-0.0012447238,-0.022340417,-0.0071440935,0.0043096542,0.0,-0.00129354,-0.005719781
2016-09-02,0.0015807152,0.017682313999999998,0.018159986,0.014249802,0.0078327656,0.00106048584,0.004970312
2016-09-09,-0.005164206,-0.018711567,-0.015143871,-0.029137015000000002,-0.013373314999999998,-0.0003530383,-0.023309052
2016-09-16,0.000626564,-0.005448102999999999,-0.017768621,0.0009044409,-0.00027668476,0.0009417534,0.005495429
2016-09-23,0.0038461685000000002,0.030676603,0.030787944999999997,0.025794744,0.010237932,0.00011765957,0.012279153000000001
2016-09-30,0.0016928911,-0.0047834515999999995,-0.0021936893,-0.0029373765,0.0057519673999999995,0.00011765957,0.0014352798
2016-10-07,-0.005664885,0.006408453,-0.009301543,-0.010149002,0.003974557,-0.0011912583999999999,-0.005825281
2016-10-14,-0.0018820762999999998,-0.02149105,-0.015534401,-0.01635611,-0.0027262567999999997,-0.00047123432,-0.008928537399999999
2016-10-21,0.0041303635,0.019522667,0.0090168715,-0.0035572648,0.0071076155,0.0009428263,0.0040352345
2016-10-28,-0.0059912205,-0.017819107,-0.006873964999999999,-0.020340383000000004,-0.012757897,-0.00047099589999999997,-0.006729603
2016-11-04,0.0026066303,-0.02707827,-0.021110952,-0.015847504,-0.010020614,0.0017740726,-0.0187729
2016-11-11,-0.017889202,-0.03840804,0.008485079,0.10574365000000001,-0.01926291,-0.0030590891999999997,0.037736773
2016-11-18,-0.008054912,0.0011577606,-0.014899194,0.028268695,0.013948202,-0.0020064712,0.0096108913
2016-11-25,-0.0018455982000000002,0.019080639,0.010498166,0.027491689,0.01319468,-0.0010643005,0.013821483
2016-12-02,0.00049841404,-0.0036879778,-0.0014087558,-0.018648207,0.0027259588,0.0009417534,-0.0083063245
2016-12-09,-0.001666367,0.029897451,0.035443544,0.058960557,0.012496591,-0.00011837482,0.031090735999999997
2016-12-16,-0.005656481,-0.02820009,-0.010047674,-0.018015504,-0.0046625733,-0.0023670793,-0.00062280893
2016-12-23,0.004090786,-0.013479233,0.0025146008,0.004630208,0.010195613,0.0013113022,0.002977252
2016-12-30,0.005957961,0.021295190000000002,0.00086688995,-0.00743413,-0.00077813864,0.0013042688,-0.009658456
2017-01-06,0.0021284819,0.026563883,0.022865057,0.0020360947,0.0079562664,-0.00071042776,0.016463159999999998
2017-01-13,0.00120043755,0.020589947999999997,0.009144783,7.247925e-05,0.0010886192,0.0008294582,-0.0007042289
2017-01-20,-0.0031359196000000002,-0.0070883629999999994,-0.003356278,-0.013714552,-0.00081562996,0.0,-0.001365304
2017-01-27,0.0,0.02883041,0.0097659826,0.012801647000000001,0.0068026779999999995,0.0007103681600000001,0.009835005
2017-02-03,0.0013698340000000001,0.007472634299999999,0.0028346777,0.0030509233,0.00148952,-0.00010663271,0.0016158818999999999
2017-02-10,0.0041662455,0.012450337,0.0,0.0097044706,0.0005422830599999999,0.000828743,0.00946188
2017-02-17,-0.0009219646500000001,0.004447937,0.0059860945,0.0070290565,0.0016258955,-0.00011831522000000001,0.015463709999999999
2017-02-24,0.005906224,0.0023443699,-0.0018181801,-0.0022791624,0.0051407814,0.001301527,0.007018685300000001
2017-03-03,-0.007887304000000001,-0.007536411,0.008941889,-0.00385499,0.0031254292,-0.002912581,0.00709641
2017-03-10,-0.005744934,-0.004713297,0.0019694567,-0.021069110000000002,-0.020490645999999998,-0.00047433376,-0.0030618309999999997
2017-03-17,0.0054985285,0.03893721,0.019328475,0.021815538000000002,0.0082576275,0.0010677576,0.0015697479000000001
2017-03-24,0.004356265000000001,0.0081032515,-0.0014462471,-0.027311146,-0.0024570227,0.0013036728,-0.013373851999999999
2017-03-31,0.0011997223,-0.010550140999999999,0.0024139880999999998,0.02216971,0.010673285,0.00035500525999999997,0.0080389977
2017-04-07,0.001589179,-0.00050777197,-0.007545352,-0.019086301,4.23193e-05,-0.00049120188,-0.0022906661
2017-04-13,0.007653951599999999,-0.005841970399999999,-0.0037204622999999996,-0.013856053,-0.001632154,0.0026060343000000002,-0.011437058
2017-04-21,0.0006406307,0.0038324594,0.006169796,0.02929747,0.0046321154,0.00059080124,0.008945823
2017-04-28,-0.00082308054,0.019597888,0.029530406,0.013505697,0.0073230267000000005,-0.0008265376000000001,0.014877081
2017-05-05,-0.0028454065,0.0032451153,0.028056383,-0.001432836,-0.0010657310500000001,-0.00080519915,0.006804466
2017-05-12,0.0020239353,0.025628328,-0.0053361654000000005,-0.012196958,0.0043325424,0.00059187412,-0.003003776
2017-05-19,0.005508661000000001,-0.001698196,0.013335466,-0.012928545,0.0024266243,0.0007096529,-0.002803564
2017-05-26,-0.0007303953000000001,0.014337778,-0.0009075403,0.012067676000000001,0.0040345192,-0.00023639202,0.014267206
2017-06-02,0.005757928,0.00047910213,0.017713785,0.017449498,0.0043076277,0.0009881258,0.010177493
2017-06-09,-0.0025491714,-0.003591895,-0.013537705,0.015292287,-0.0040234923,-0.0014184116999999999,-0.0031125546
2017-06-16,0.0034685135,-0.009372711,0.0012065172000000001,-0.013654291999999998,-0.0016160011,0.0004733801,0.0016971827
2017-06-23,0.0010005236000000001,0.011443734,-0.0028358102000000003,0.0,0.00080919266,0.00035500525999999997,0.0020195246
2017-06-30,-0.0049068928,-0.0026506185999999998,0.000921011,0.0035120249999999998,0.0026954412,-0.0007097125,-0.0054703354999999995
2017-07-07,-0.0035141706,-0.006281674,-0.005521476,0.0,-0.005419254300000001,-0.00027287006,0.0012820959000000001
2017-07-14,0.004315853,0.055677056,0.02282548,0.008843303,0.0097744465,0.0013033152,0.014249682
2017-07-21,0.0050287247,0.0048365593,0.0034680367,0.0073518753000000004,0.0034956932000000003,0.0008282661400000001,0.0053755045
2017-07-28,-0.0020014644000000002,0.0027503967000000002,0.0036063194,-0.0035087466,0.0024114847,0.00011813641,0.00012147427
2017-08-04,0.0019129515,0.0045714378,0.010031462,-0.012112677,-0.0007120967,-0.00022602081,0.0020250082
2017-08-11,0.0017323494000000001,-0.023435771,-0.02238369,-0.027659,-0.012090266,0.0018935204,-0.013297795999999999
2017-08-18,0.00072813034,0.017474413,0.0036392212000000003,-0.015102625000000001,0.0010877848,-0.00059062243,-0.005775809
2017-08-25,0.0015462637000000002,0.02885282,0.0084604025,0.011910081,0.008693337399999999,0.00047278404,0.007622242
2017-09-01,0.0007241963999999999,0.0051190853,0.0035954714,0.023392677,0.0038810968,0.00014221668,0.013411880000000001
2017-09-08,0.0042738914,-0.005978763000000001,0.0077624320000000005,-0.008769393,-0.0048504472,0.0011821985,-0.0050839186
2017-09-15,-0.0047989488,0.015593648,0.008146882,0.026540995,0.0064986944,-0.0016530752000000002,0.015591621
2017-09-22,-0.0012738109,-0.004606247,0.0048487185999999995,0.016530037,0.0008071660999999999,-0.0013009906,0.0010032654
2017-09-29,-0.0016397834,-0.012560606,0.0013160706,0.034693837,0.0032258034000000003,0.00011837482,0.0071760416
2017-10-06,-0.0007547735999999999,0.01829946,-0.0007301568999999999,0.011856556,0.00044441223000000004,-0.00044333934999999996,0.012498498
2017-10-13,0.005307436,0.022572875,0.016659379000000002,-0.0067909956,0.0,0.0005928278,0.0022801161
2017-10-20,-0.005097389,-0.0085726976,-0.0033060908,0.005228638599999999,0.0037654638,-0.00118494034,0.008472204
2017-10-27,-0.0005490184,-0.002593994,-0.0023074149999999997,0.0026673079999999997,-0.002411604,0.00023722649,0.002333641
2017-11-03,0.004009485199999999,0.0043346882,0.0089621544,-0.016493738,-0.0016176699999999999,-0.00061160326,0.0028715133999999997
2017-11-10,-0.0042028427,-0.0010789633,-0.007449925,-0.007979512,-0.008648633999999999,-0.00047516823,-0.0013929605000000001
2017-11-17,0.0029360056,0.011449575,-0.0053405760000000005,0.017450570999999998,0.002998948,-0.0007130504,-0.0008912086499999999
2017-11-24,0.0020126104,0.019008993999999998,0.020751594999999998,0.01983118,0.005436301,0.00023782253,0.0096951723
2017-12-01,-0.0012701750000000001,-0.03919512,-0.007250428,0.011956333999999999,-0.0019800663,-0.00049310923,0.015747428
2017-12-08,0.00027477741,0.0021814108,0.00014317036,-0.009997368,0.0002720356,-0.00011909008,0.0039703846
2017-12-15,0.002564311,0.005006552,0.0018614530000000001,0.0049835443,-0.001632154,-0.00023823977,0.00885582
2017-12-22,-0.005148351,0.022234082000000002,0.012613415999999999,0.0090729,0.0025200844,-0.0007851124,0.0037522316
2017-12-29,0.004225254,0.013333321,0.002852559,-0.0032442212,0.0024570227,0.0007160901999999999,-0.0024299026
2018-01-05,-0.002652526,0.042657137,0.02901435,0.013670087,0.008442163499999999,-0.00083482265,0.024582267
2018-01-12,-0.0027512908000000003,0.0077345370000000005,0.015895009,0.021834015999999998,-0.0045908093,-0.0004774332,0.016458154
2018-01-19,-0.005149901,0.018784046000000002,0.0085713863,0.006284594500000001,-0.0010852218,-0.00035822390000000005,0.0089594126
2018-01-26,0.0017563105,0.032513976,0.015108585,0.0037472248000000002,0.002715826,-0.0009557009,0.022003412
2018-02-02,-0.0085648894,-0.058179800000000004,-0.035880387,-0.035589874,-0.013258874,-0.0005238056,-0.038837254
2018-02-09,-0.0041044354,-0.05361879,-0.05458313000000001,-0.04335487,-0.016266942,0.0013173819000000002,-0.050644455
2018-02-16,0.00037467479999999997,0.067212462,0.041259646,0.043026685999999995,0.017937183000000002,-0.0020332336,0.044397593000000006
2018-02-23,-0.0015918015999999999,0.00363338,-0.0011201501,0.0055606365000000005,-0.001652062,0.00035953520000000003,0.0058584213
2018-03-02,0.00061011314,-0.031979084000000005,-0.026913344999999998,-0.014017522,-0.0026640296000000003,0.0005552768699999999,-0.020494342
2018-03-09,-0.0008453727,0.033658862,0.019590855,0.04095471,0.0024999379999999997,-0.00047945976,0.036383271
2018-03-16,0.0031023025999999997,-0.010854303999999999,-0.0043797493,-0.0012529492,-0.0033249855,0.00023984908999999998,-0.012813151
2018-03-23,-0.0008434653,-0.04714489,-0.035901785,-0.046182337000000004,-0.0097302794,0.0010789633,-0.058898687
2018-03-29,0.0060031414,0.029643893,0.025610805,0.016097069,0.006456971000000001,0.0007184744,0.019763588999999998
2018-04-06,-0.0009009838,-0.024854957999999996,-0.0040183662999999994,-0.0032463073999999996,0.0011140108,0.00029242039,-0.013034344
2018-04-13,-0.0010288954,0.010407805000000001,0.02002883,0.019411087,0.011751533000000002,-0.0014372468,0.020907044
2018-04-20,-0.007490694500000001,-0.0065167546,0.0036728382,0.01035142,-0.0047012568,-0.0013194084000000001,0.005506277
2018-04-27,-0.0001886487,0.0,-0.00112599134,-0.006830275,-0.0033342838000000002,0.00048041344,-0.00018751620999999999
2018-05-04,0.0011328459,-0.017562389,-0.00056362152,0.0039480925,7.212162e-05,-8.285046000000001e-05,-0.0020258427
2018-05-11,0.0,0.020891666,0.011842608,0.029176593,0.0028004646,-0.0003606081,0.02567482
2018-05-18,-0.0052899719999999996,-0.028059124999999997,-0.006130636,0.016270161,-0.0041888952,0.00012016295999999999,-0.005570888499999999
2018-05-25,0.007787227599999999,0.007814169,-0.015561461,0.0007277727,0.0011217594,0.0022845268,0.003022194
2018-06-01,0.0019720793,-0.0021537542,-0.003132999,0.010907769000000001,-0.0006494522,0.00043630599999999997,0.00532794
2018-06-08,-0.0031108856,0.0,0.005857229,0.023977995000000002,0.006758570699999999,0.00012016295999999999,0.016776323
2018-06-15,0.0012292862,-0.023742735,-0.005823076,0.0016391277000000002,0.0055944919999999995,-0.00048029423000000004,0.0006670952
2018-06-22,0.00056672096,-0.022554338,-0.012092113,0.0024546385,-0.002503574,0.0008409023,-0.0086241364
2018-06-29,0.0035868883,-0.013433456,-0.012241899999999998,-0.023934782,-0.010596692999999999,0.0007202625,-0.012593687
2018-07-06,0.0030959845,0.0018461943,0.0091085434,0.03306973,0.006923914,0.00035822390000000005,0.015261054000000001
2018-07-13,0.0008457899000000001,0.010135889,0.0031074286,-0.0042913556,0.003655672,-0.00024014711,0.015140414
2018-07-20,-0.0022533536000000002,0.002508521,0.0041303635,0.010133982,0.00056040287,0.0,0.0003218651
2018-07-27,-0.0017878413000000002,0.016605973,0.010724306,-0.01349169,0.0036405325,-0.0007206797600000001,0.0062214136
2018-08-03,0.0013318062,-0.010740638,-0.009883702,0.012390375,0.0053379536000000005,0.000818491,0.007746458
2018-08-10,0.0024535656,-0.023071706,-0.020258427000000002,0.007043123,-0.0016726255,0.0015640259,-0.0015515089000000001
2018-08-17,0.0021650791,-0.022690415000000002,-0.005394101,0.011121273000000001,0.0013961792,0.0003603697,0.006709933
2018-08-24,0.0025361776000000003,0.027481675,0.014160872,0.017915845,0.0041828156,0.0006004572,0.0085947514
2018-08-31,-0.0029982328000000003,-0.0046114922,0.00029706955,0.0060154200000000005,-0.00027763844,0.00011992455000000001,0.009738803
2018-09-07,-0.0034543872,-0.037526011,-0.028363466,-0.014837742000000001,-0.001930654,-0.0009453892999999999,-0.009334802599999999
2018-09-14,-0.0013231039,0.009867668000000001,0.020327091,0.005619883500000001,0.007270693999999999,-0.00072175264,0.011404753
2018-09-21,-0.001987338,0.03026688,0.028010726,-0.01151222,-0.00111061335,-0.00048154593,0.008362889
2018-09-28,0.00056886673,-0.0071709750000000004,-0.009325385,-0.010319889,0.0019456148,0.0007226467,-0.0043494105
2018-10-05,-0.0088933706,-0.04846221,-0.023238599999999998,-0.039316833,-0.0090132356,-0.0007590651499999999,-0.009975195
2018-10-12,0.0040256977,-0.013467192999999999,-0.03854847,-0.053812146,-0.0014064908,0.0007238387999999999,-0.04124105
2018-10-19,-0.003627658,-0.015388489,-0.0017227529999999998,-0.002522111,-0.0036618709999999997,0.0,0.0010870695
2018-10-26,0.0050780773,-0.025207996,-0.036240995,-0.031984806,-0.0079162717,0.0021699667,-0.039529443
2018-11-02,-0.0058499575,0.055598736,0.031255007,0.045187354,0.0062358380000000005,-0.0012567043,0.024724007000000003
2018-11-09,0.0010573864,-0.024987757,0.0009471178,-0.0007497072,0.0,0.0001206398,0.021589637000000002
2018-11-16,0.0049933195,0.027638197,-0.007096708,-0.010754049000000002,-0.015082419,0.0027748346,-0.014508903
2018-11-23,-9.554625e-05,-0.028361857,-0.018742085,-0.025660455,-0.0060675144000000006,0.00036096573,-0.03828591
2018-11-30,0.0021977425,0.033719182,0.016024590000000002,0.028801203,0.009592891,0.0012025833,0.047103523999999994
2018-12-07,0.008117795,-0.029211282999999998,-0.032180965,-0.060781837000000005,-0.003300488,0.0019495487,-0.04382366
2018-12-14,0.0007584095,-0.0012537241,-0.004773676399999999,-0.02832979,0.0029026269999999996,0.00042033195,-0.011761606
2018-12-21,0.0041644573,-0.018232822,-0.037413300000000003,-0.078466177,-0.034059644,0.0024458170000000003,-0.07039034400000001
2018-12-28,0.004064679,0.018691659,0.019631624,0.038119555,0.010241032,0.0023983717,0.029289603
2019-01-04,0.0044248104,0.011467814,0.02078724,0.027721285999999998,0.016994596,0.00035893917,0.018728613999999998
2019-01-11,-0.0013121963,0.026203156000000002,0.018694639,0.04490888,0.021108150000000003,-0.00011962652,0.02611041
2019-01-18,-0.0018770695,0.020132542,0.017204762,0.025949477999999998,0.0068905354,-0.0008372068400000001,0.028882504
2019-01-25,0.0031030178000000003,0.015643835,0.0014497041999999999,-0.0019760728,-0.00057023764,0.000718236,-0.0025519730000000003
2019-02-01,0.005233883999999999,0.01327014,0.0078816414,0.011351584999999999,0.008138776,0.0015815496,0.016103506
2019-02-08,0.0034588575,-0.014031768,-0.010213852,0.0026102066,0.0017061234,0.0015553236000000002,0.0015182495
2019-02-15,-0.00037258863,-0.0016603470000000002,0.025798082,0.043608427,0.007663845999999999,-0.00035834312,0.025511146
2019-02-22,0.0009319782,0.02257073,0.00785923,0.012473464,0.0025353432,0.0009560585,0.0063813925
2019-03-01,-0.0046849847,-0.012778818999999999,0.007797836999999999,-0.0085006356,0.0048707724,-0.0007839203,0.0045855045
2019-03-08,0.0075025560000000005,-0.020004749999999998,-0.017796397,-0.04485589,-0.005338669000000001,0.0022743940000000003,-0.021253883999999997
2019-03-15,0.0025132895,0.034582138,0.027572036,0.014309883,0.0073446035,0.00083601475,0.029451013
2019-03-22,0.008542299,-0.01508826,-0.013952850999999999,-0.03051877,0.0014020204999999999,0.0027445555,-0.007322848
2019-03-29,0.0041428804,0.0115484,0.008552432,0.024160385,0.007280946,0.0010710955,0.011566758
2019-04-05,-0.0038331150000000002,0.034482837,0.02143073,0.028515816,0.0046895742,-0.0009061694000000001,0.021559
2019-04-12,-0.0011071562999999999,-0.0009009242000000001,0.0028679369999999997,0.0042848587,0.006950258999999999,-0.00047689676,0.0055099726
2019-04-18,-0.0007388592,0.0045086145,0.0034617186,-0.0079057217,-0.0022087693,0.00059640408,-0.0004825592
2019-04-26,0.00480628,-0.015260339000000001,-0.0032998323,0.01113081,0.0030437708,0.0022648573,0.011688948
2019-05-03,-0.0010089874,0.0077483654,0.008126378,0.016137123,0.00029742718,-0.0006378889,0.0021131038999999997
2019-05-10,0.0030462,-0.05065584,-0.024779737000000003,-0.023513496,-0.0048017502,0.0017883778000000001,-0.020168006
2019-05-17,0.0033128262,-0.040257215000000006,-0.008571923,-0.0313918,-0.0032482743,0.0015473366,-0.0078445077
2019-05-24,0.0034853220000000003,-0.0084388256,0.00015437603,-0.01757127,-0.0031657815,0.0009506940999999999,-0.010705292
2019-05-31,0.009048462,0.019023776,-0.021302819999999997,-0.030604184,-0.008499861,0.0039178133,-0.026557803
2019-06-07,0.0035338402000000004,0.011545062,0.0340693,0.034577012,0.018539786,0.0021129847,0.04497409
2019-06-14,0.00036191939999999996,-0.0019427538,-0.006101191000000001,0.0046236515,0.0016727448,0.00023639202,0.0055971146000000005
2019-06-21,0.004974246,0.048210144,0.024341940000000003,0.01499927,0.01298821,0.0017732382,0.021335959999999998
2019-06-28,0.0020698309000000002,0.0032732487,0.0055071115,0.01741612,-0.0022895932,0.0004720688,-0.0034013389999999998
2019-07-05,-7.224083e-05,0.00046610832,0.006693959,0.005876303,0.0015518665,-0.0018170476,0.018634796
2019-07-12,-0.002700448,-0.0018635392,-0.0055915713,-0.005206942599999999,-0.0011969209,0.00059187412,0.007337689400000001
2019-07-19,0.0034298897,0.00023341179,-0.0044072866,-0.013404846,-0.0034108161999999997,0.0009465217600000001,-0.011574864
2019-07-26,0.00035977363999999996,-0.0037330985,-0.0001527071,0.024068356,0.007307409999999999,-0.00035458802999999996,0.016286969
2019-08-02,0.0089957714,-0.050351324,-0.0274809,-0.025903523,-0.0046973825000000006,0.003074646,-0.03109175
2019-08-09,0.006163478,-0.016769409,-0.011930943000000001,-0.006485939,-0.002687931,0.0016533136000000002,-0.0034173727
2019-08-16,0.009144187,-0.00827688,-0.010962784000000001,-0.012403667,-0.0011152029,0.0031831264,-0.009498596
2019-08-23,0.000967741,-0.01239258,-0.0046586394,-0.023532510000000003,0.0050240755,-0.00011748075999999999,-0.013848007
2019-08-30,0.0030760765000000002,0.029193281999999997,0.020174265,0.023287296,0.007313490000000001,0.0,0.026680708
2019-09-06,-0.001723051,0.026374698,0.020882725999999997,0.012966394000000001,0.0046491623,-0.0005145073,0.019148468999999998
2019-09-13,-0.016891003,0.024000049,0.021850348,0.05015683,-0.0006431937,-0.0045941472,0.010199666000000001
2019-09-20,0.010469794,-0.014914810999999998,-0.005762875,-0.01417911,0.0035858153999999997,0.0018935204,-0.0047374368
2019-09-27,0.0019482374,-0.023311734,-0.0089993477,-0.014945626,-0.0043060184,0.0014173985,-0.0096553564
2019-10-04,0.008266568,0.008120179,-0.012313426,-0.017868638,-0.0046237707,0.004659176,-0.0035544634000000005
2019-10-11,-0.0095764995,0.018550158,0.021505475,0.005890012,0.003621459,-0.0031750202,0.0065567493
2019-10-18,0.0006209612,0.005990863,0.010983825000000001,0.016005278,0.0036084652,0.00070786476,0.005704045
2019-10-25,-0.0015957355,0.017150998,0.011317372000000001,0.019211054,0.0035954714,-0.0008251667,0.012182474
2019-11-01,0.004984498,0.012177944000000001,0.014920949999999999,0.013445616,-0.0012752414,0.0016465187,0.015053034
2019-11-08,-0.009917676399999999,0.010643244000000001,0.005292535,0.009051442,-0.00036954880000000004,-0.0018877387000000002,0.0091460943
2019-11-15,0.0053663254,-0.012591541,-0.0008774400000000001,-0.005652487,-9.238720000000001e-05,0.0014184712999999998,0.00922513
2019-11-22,0.0040920973,-0.0060283540000000005,-0.004976511,-0.010874927000000001,-0.0024956465,0.00017702579999999998,-0.0026621222
2019-11-29,-8.863211e-05,-0.007697642,0.002941966,0.02211392,0.0038917065,0.0004130602,0.010773063000000001
2019-12-06,-0.0008355379,0.012458800999999999,0.0074802639999999995,0.009778738,0.0037829876,-0.00018709898,0.001781702
2019-12-13,0.0025773047999999997,0.031344295,0.014121413000000001,0.0012104511,0.0084056854,0.00059080124,0.007781029
2019-12-20,-0.00265491,0.025191903,0.004246354,0.017790437,0.005344987,-4.094839e-05,0.015693903
2019-12-27,0.0027599335,0.010311604,0.006649256,-0.0014324187999999998,0.0024707317,0.00094640255,0.0066410303000000006
2020-01-03,0.0033739805,-0.0031062365,-0.005313098400000001,0.0025104284,0.0031949282,0.0015364885,-0.0013937353999999998
2020-01-10,-0.00026547909,0.014689565,0.0025985239999999996,-0.0094204545,0.0020927191,-0.0004720688,0.010235429
2020-01-17,0.00061953068,0.014038205,0.013390899000000001,0.027687550000000002,0.0003632307,0.000826478,0.019158244
2020-01-24,0.006545782,-0.035258531999999995,-0.012645602,-0.022724628,-0.0078968406,0.0011796951,-0.0095798373
2020-01-31,0.007557749999999999,-0.055829525000000005,-0.028924942,-0.035358965,-0.0023788214,0.0029456615,-0.021413088
2020-02-07,-0.0016273856,0.029684186,0.021932364,0.023111224,0.009431362,-0.00123518705,0.032542825
2020-02-14,0.00061285496,0.019372702,0.0034801959999999996,0.016273975,0.0051095486,0.00017666817000000002,0.01625526
2020-02-21,0.0053373575,-0.02058822,-0.013583719999999999,-0.007887244,-0.000726223,0.0015902519,-0.012203753
2020-02-28,0.011488199,-0.063987074,-0.08819222,-0.12322324999999999,-0.028252184,0.0082324743,-0.11161089
2020-03-06,0.016167879,-0.009624839,-0.00787276,-0.019782960000000002,-0.0078133345,0.006939888,0.0040504932
2020-03-13,-0.050907850000000004,-0.09942693,-0.1431579,-0.16636299999999998,-0.061151085,0.0009280442999999999,-0.09460091999999999
2020-03-20,-0.016359745999999998,-0.132263365,-0.11075412999999999,-0.16308004,-0.13147813,0.002433896,-0.14523411
2020-03-27,0.050349950000000004,0.063456535,0.12348568,0.10911751,0.09565818999999999,0.001850009,0.10760486999999999
2020-04-03,-0.0029532910000000002,-0.006596625,-0.037079035999999996,-0.072234335,-0.035845577999999996,0.0008771419499999999,-0.020637631
2020-04-09,0.019742489000000002,0.06700861500000001,0.09174848000000001,0.19670522999999998,0.12259769000000001,0.0,0.12091541
2020-04-17,0.0,0.02574253,0.003059268,-0.027859747,-0.014856398,0.000346303,0.030337930000000003
2020-04-24,0.0009381771,-0.01875335,-0.0095084906,-0.01011461,-0.035054386,-0.00023084878999999998,-0.012803555
2020-05-01,-0.0021617413,-0.0073075294,0.0023546218999999998,0.034400582,0.008868575,0.0004889965000000001,-0.0006361008
2020-05-08,-0.0035082102,0.04303515,0.027105212,0.043628573,0.014851451,0.0006928444,0.034124255
2020-05-15,0.0048943758,-0.02198702,-0.029556632,-0.07524848,-0.012906550999999999,0.00023078918,-0.021064162
2020-05-22,0.0035034418,0.011101961,0.032451034000000004,0.08768332,0.032533765,-0.00046145916,0.031996608
2020-05-29,0.0017881393,0.035684824000000004,0.047234416,0.037327528,0.016950846,0.00023090840000000002,0.030056834
2020-06-05,-0.0045592785000000005,0.08454811,0.070087194,0.11853647,0.030382872000000002,-0.0010378957,0.049355865000000006
2020-06-12,0.0058169365,-0.0256598,-0.03948605,-0.09597194999999999,-0.022273242,0.00057804585,-0.04737896
2020-06-19,0.001871109,0.0070301294000000005,0.0097510815,0.007847786,0.0076260567,0.0001155138,0.019053459
2020-06-26,0.0017826557000000002,0.00050103664,-0.009010494,-0.037665606,-0.020376444,0.0004621744,-0.027831852
2020-07-02,0.0034137964,0.035553336,0.021160483,0.047184467,0.012463212,0.00023829937,0.040593266
2020-07-10,0.0025382041999999997,0.045454619999999994,0.0090658665,-0.007977545,0.0040305853,-0.0002310276,0.017166734
2020-07-17,0.0032913685,-0.010869622,0.018931389,0.037974596,0.015274643999999999,0.0004621744,0.013004184
2020-07-24,0.0033648014,0.008650899,-0.00393641,0.0047346354,0.013212442,0.0,-0.0026109815
2020-07-31,0.0023473501,0.0034770965999999996,-0.019127369,0.016849875,0.0098991394,0.0005774498,0.017576575
2020-08-07,0.000647068,0.013397932,0.025463343,0.05364418,0.0023099184,-0.0002257824,0.024654029999999997
2020-08-14,-0.010298967000000001,0.008434057,0.018387556,0.006130814599999999,-0.014167011,-0.0006931424,0.006784797
2020-08-21,0.0040609837,0.00090408325,-0.0058642626,-0.024903953,0.00718534,0.00011563301,0.007837534
2020-08-28,-0.004802823,0.02868116,0.016454576999999998,0.019970178999999998,0.006277919,0.00023114681000000002,0.032696961999999996
2020-09-04,0.0015681981999999999,-0.02656418,-0.014661074000000001,-0.022242904,-0.0028560162,-0.00024116039999999998,-0.022847772000000002
2020-09-11,0.0022861958,-0.009246707,0.0043398142,-0.033101737,0.0,0.00034701824,-0.024841666
2020-09-18,-0.0012672544,0.013430476,0.0050925016,0.010566354,-0.0019988417999999997,0.0,-0.006198823500000001
2020-09-25,-0.0007613301,-0.035489738,-0.031475425,-0.041279197,-0.016881227000000002,0.00011563301,-0.0058066845
2020-10-02,-0.00023961067,0.024452805999999997,0.012840747999999999,0.050233603,0.014306307,5.96e-07,0.015544652999999999
2020-10-09,-0.0015267134,0.041827680000000006,0.028016925,0.057842134999999996,0.01325655,-0.00046265125,0.038970828
2020-10-16,0.0014441013,-0.005891323,-0.01431185,-0.0032860040000000004,-0.003412962,0.00023150444,0.0012686253
2020-10-23,-0.0035626292,0.016681314,0.0037071705,0.011209249999999999,0.0037100315,-0.00034701824,-0.00434798
2020-10-30,-0.0022984743,-0.03475821,-0.055247840000000006,-0.06077206,-0.011468111999999999,0.00023138523000000002,-0.05564231
2020-11-06,0.006758332000000001,0.072019696,0.078514457,0.056789875,0.021813512,-0.00013184547,0.07233417
2020-11-13,-0.0013582706,0.008345485,0.047726990000000004,0.0738405,0.0029209851999999997,-0.0005787611,0.022675394999999997
2020-11-20,0.005525350599999999,0.015104531999999999,0.014127134999999999,0.026306033000000003,0.006200671,0.0004633665,-0.007735311999999999
2020-11-27,-0.00025361776,0.019975543,0.019331932,0.038268924,0.005228758,0.00023150444,0.023471236000000003
2020-12-04,-0.003923893,0.016186953,0.011574388,0.024342655999999997,0.009793043,3.325939e-05,0.016993403
2020-12-11,0.0037418603999999998,-0.0025565028000000003,-0.004962802,0.0020177364,-0.0020318031,0.00069475174,-0.009598553
2020-12-18,-0.00097203255,0.015553951,0.016410351,0.01932776,0.0043644905,-0.00020855665,0.012175798
2020-12-24,0.0016978979,-0.016866087999999998,-0.0042658448,0.013205647000000001,0.0041629076,0.06,-0.000487566
2020-12-31,0.0016951561000000002,0.030720115,0.0082918406,-0.0018463731,0.0035928488,0.00011575222,0.013224959000000001
2021-01-08,-0.0093916655,0.058834910000000004,0.037966013,0.06332969699999999,0.0007343292,-0.00034731627,0.019738913
2021-01-15,0.0014519691,-0.006580173999999999,-0.017562389,0.018829225999999998,-0.0030269027,0.0,-0.01458323
2021-01-22,0.0,0.027230978000000003,0.010080694999999999,0.016070724,0.0023001432,0.00034737587,0.019110917999999998
2021-01-29,0.00051176548,-0.04513705,-0.036726594,-0.035488367,-0.0049568415,0.00023162365,-0.033456922
2021-02-05,-0.0034782887,0.05496156,0.032048583,0.054934979999999994,0.011660337,0.00011694431,0.04766667
2021-02-12,-0.001113832,0.027738214,0.021416068,0.035946727,0.003477931,-0.00011569262,0.012715697
2021-02-19,-0.0063475966,-0.0046712756,-0.0007862449,-0.0060020685,-0.003101051,0.0,-0.0066473484
2021-02-26,-0.0043162704,-0.066052494,-0.029377043000000002,-0.008491397000000001,-0.010429978,-0.0005789399,-0.024793029999999997
2021-03-05,-0.007545471000000001,0.0018612146,0.0083771944,0.01865077,0.0040869713000000005,-0.00043976307,0.0085971355
2021-03-12,-0.0042877197,0.0029723644,0.02210915,0.07435775,-0.0017559528,-0.00011593103,0.027187586
2021-03-19,-0.0024606586,0.0016670227000000002,0.0019664764,-0.031736374,-0.004166305,0.00023186207000000002,-0.008379936
2021-03-26,0.0035239458,-0.014977813,0.0022242069,-0.016203403,0.0088323355,0.0003478527,0.016688943
2021-04-01,0.0026528835,0.011075616,0.003394246,0.007319927,0.004750967,-0.00058728456,0.011692405
2021-04-09,0.0012276173,-0.005755662999999999,0.014701961999999999,-0.0052683352999999995,0.0023012161,0.00011587142999999999,0.027158618
2021-04-16,0.0031529665000000003,0.014939308,0.016668797,0.011505723,0.0010101795,0.00023198128,0.014022231000000001
2021-04-23,0.0018334389,0.0051518679999999996,-0.0027746558,0.0012639761,0.0011008978,0.0,-0.0012462735
2021-04-30,-0.002265811,-0.011898279000000001,-0.012141109,-0.003336072,0.0008246899000000001,0.00023186,0.0013437271
